startTime,time,open,high,low,close,volume
2022-04-26T14:00:00+00:00,1650981600000.0,0.7033,0.7033,0.679,0.6794,7247.4614
2022-04-26T15:00:00+00:00,1650985200000.0,0.6794,0.68,0.6613,0.6615,4423.5755
2022-04-26T16:00:00+00:00,1650988800000.0,0.662,0.6714,0.66,0.6713,2199.1541
2022-04-26T17:00:00+00:00,1650992400000.0,0.6713,0.6714,0.6616,0.6658,26629.1198
2022-04-26T18:00:00+00:00,1650996000000.0,0.6658,0.6663,0.6586,0.6662,8441.4973
2022-04-26T19:00:00+00:00,1650999600000.0,0.6662,0.6664,0.6517,0.6613,27946.4411
2022-04-26T20:00:00+00:00,1651003200000.0,0.6613,0.6618,0.6524,0.658,886.8492
2022-04-26T21:00:00+00:00,1651006800000.0,0.658,0.6645,0.6562,0.6637,21891.812
2022-04-26T22:00:00+00:00,1651010400000.0,0.6637,0.6683,0.6578,0.6583,8743.5715
2022-04-26T23:00:00+00:00,1651014000000.0,0.6583,0.6597,0.6425,0.6556,3396.4364
2022-04-27T00:00:00+00:00,1651017600000.0,0.6556,0.6579,0.6488,0.6529,49059.3656
2022-04-27T01:00:00+00:00,1651021200000.0,0.6529,0.6603,0.6529,0.6593,926.8143
2022-04-27T02:00:00+00:00,1651024800000.0,0.6593,0.6612,0.6582,0.6604,2111.1192
2022-04-27T03:00:00+00:00,1651028400000.0,0.6604,0.6608,0.6578,0.6578,769.599
2022-04-27T04:00:00+00:00,1651032000000.0,0.6578,0.6617,0.6567,0.6613,23359.7231
2022-04-27T05:00:00+00:00,1651035600000.0,0.6609,0.6646,0.6609,0.663,9308.2226
2022-04-27T06:00:00+00:00,1651039200000.0,0.663,0.6683,0.663,0.6683,0.0
2022-04-27T07:00:00+00:00,1651042800000.0,0.6683,0.6731,0.6668,0.6726,3774.6661
2022-04-27T08:00:00+00:00,1651046400000.0,0.6726,0.6742,0.662,0.6658,8747.8468
2022-04-27T09:00:00+00:00,1651050000000.0,0.6658,0.6694,0.6641,0.6689,2526.2697
2022-04-27T10:00:00+00:00,1651053600000.0,0.6689,0.6694,0.6632,0.6656,0.6656
2022-04-27T11:00:00+00:00,1651057200000.0,0.6656,0.669,0.6529,0.669,13852.5934
2022-04-27T12:00:00+00:00,1651060800000.0,0.669,0.6707,0.6606,0.661,10337.8204
2022-04-27T13:00:00+00:00,1651064400000.0,0.661,0.6772,0.6599,0.6732,3552.5156
2022-04-27T14:00:00+00:00,1651068000000.0,0.6732,0.6745,0.6604,0.6693,2187.3436
2022-04-27T15:00:00+00:00,1651071600000.0,0.6693,0.6744,0.6691,0.6708,0.0
2022-04-27T16:00:00+00:00,1651075200000.0,0.6708,0.6723,0.6633,0.6643,1011.8112
2022-04-27T17:00:00+00:00,1651078800000.0,0.6645,0.6651,0.6606,0.6632,3798.2462
2022-04-27T18:00:00+00:00,1651082400000.0,0.6633,0.666,0.6571,0.6581,9501.5356
2022-04-27T19:00:00+00:00,1651086000000.0,0.6581,0.6608,0.6541,0.6587,4938.2943
2022-04-27T20:00:00+00:00,1651089600000.0,0.6587,0.664,0.6587,0.6625,6585.1527
2022-04-27T21:00:00+00:00,1651093200000.0,0.6625,0.6695,0.6616,0.6693,1436.6496
2022-04-27T22:00:00+00:00,1651096800000.0,0.6693,0.6701,0.6653,0.666,6090.1243
2022-04-27T23:00:00+00:00,1651100400000.0,0.666,0.6714,0.6658,0.6704,3749.4054
2022-04-28T00:00:00+00:00,1651104000000.0,0.6704,0.671,0.6651,0.6676,10243.9047
2022-04-28T01:00:00+00:00,1651107600000.0,0.6676,0.6716,0.6611,0.6626,9391.0756
2022-04-28T02:00:00+00:00,1651111200000.0,0.6626,0.6681,0.6618,0.6674,4223.0974
2022-04-28T03:00:00+00:00,1651114800000.0,0.6674,0.669,0.6645,0.6651,5528.1414
2022-04-28T04:00:00+00:00,1651118400000.0,0.6651,0.6689,0.665,0.6679,2087.8554
2022-04-28T05:00:00+00:00,1651122000000.0,0.6679,0.6687,0.663,0.6656,392.3262
2022-04-28T06:00:00+00:00,1651125600000.0,0.6656,0.6697,0.664,0.6687,12.0366
2022-04-28T07:00:00+00:00,1651129200000.0,0.6687,0.6759,0.6671,0.673,1744.1906
2022-04-28T08:00:00+00:00,1651132800000.0,0.673,0.6832,0.6711,0.6817,4234.0747
2022-04-28T09:00:00+00:00,1651136400000.0,0.6817,0.6843,0.6772,0.6781,2434.627
2022-04-28T10:00:00+00:00,1651140000000.0,0.6784,0.6795,0.674,0.6752,2453.6768
2022-04-28T11:00:00+00:00,1651143600000.0,0.6752,0.6794,0.6752,0.6785,3982.231
2022-04-28T12:00:00+00:00,1651147200000.0,0.6785,0.6849,0.6737,0.6748,72751.1917
2022-04-28T13:00:00+00:00,1651150800000.0,0.6748,0.6941,0.6698,0.6744,54045.249
2022-04-28T14:00:00+00:00,1651154400000.0,0.6744,0.6747,0.6672,0.6729,12622.1901
2022-04-28T15:00:00+00:00,1651158000000.0,0.6729,0.6862,0.6691,0.6734,5716.6538
2022-04-28T16:00:00+00:00,1651161600000.0,0.6734,0.6833,0.6669,0.6817,5264.181
2022-04-28T17:00:00+00:00,1651165200000.0,0.6817,0.6837,0.6777,0.6829,1414.5175
2022-04-28T18:00:00+00:00,1651168800000.0,0.6827,0.6933,0.6796,0.6867,11712.5425
2022-04-28T19:00:00+00:00,1651172400000.0,0.6867,0.6906,0.6823,0.6832,2020.9706
2022-04-28T20:00:00+00:00,1651176000000.0,0.6832,0.6851,0.6771,0.6798,1267.827
2022-04-28T21:00:00+00:00,1651179600000.0,0.6798,0.7151,0.6795,0.7072,50585.5612
2022-04-28T22:00:00+00:00,1651183200000.0,0.7072,0.7072,0.6865,0.6957,17497.7744
2022-04-28T23:00:00+00:00,1651186800000.0,0.6956,0.7017,0.6904,0.6995,427.3092
2022-04-29T00:00:00+00:00,1651190400000.0,0.6995,0.7043,0.6943,0.7039,10385.7397
2022-04-29T01:00:00+00:00,1651194000000.0,0.7039,0.7096,0.6992,0.7036,14593.8906
2022-04-29T02:00:00+00:00,1651197600000.0,0.7036,0.7037,0.6877,0.6908,4028.5264
2022-04-29T03:00:00+00:00,1651201200000.0,0.6908,0.6934,0.685,0.6866,1523.7096
2022-04-29T04:00:00+00:00,1651204800000.0,0.6866,0.688,0.6815,0.6821,758.0229
2022-04-29T05:00:00+00:00,1651208400000.0,0.6821,0.6861,0.6819,0.6839,71.132
2022-04-29T06:00:00+00:00,1651212000000.0,0.6839,0.6881,0.6811,0.6858,45832.3579
2022-04-29T07:00:00+00:00,1651215600000.0,0.6858,0.6877,0.6708,0.673,25022.6117
2022-04-29T08:00:00+00:00,1651219200000.0,0.673,0.6762,0.6711,0.6716,6243.1652
2022-04-29T09:00:00+00:00,1651222800000.0,0.6716,0.6718,0.6656,0.6668,13465.7461
2022-04-29T10:00:00+00:00,1651226400000.0,0.6668,0.6671,0.6558,0.6581,8841.5774
2022-04-29T11:00:00+00:00,1651230000000.0,0.6581,0.6596,0.6531,0.6563,63312.7278
2022-04-29T12:00:00+00:00,1651233600000.0,0.6563,0.6612,0.6539,0.659,19005.7043
2022-04-29T13:00:00+00:00,1651237200000.0,0.659,0.6665,0.6568,0.6644,5375.7475
2022-04-29T14:00:00+00:00,1651240800000.0,0.6644,0.6665,0.6541,0.6559,18030.8854
2022-04-29T15:00:00+00:00,1651244400000.0,0.6559,0.6597,0.6537,0.6555,3143.3235
2022-04-29T16:00:00+00:00,1651248000000.0,0.6555,0.6575,0.6472,0.6494,9034.3833
2022-04-29T17:00:00+00:00,1651251600000.0,0.6494,0.6537,0.6475,0.651,5487.5318
2022-04-29T18:00:00+00:00,1651255200000.0,0.651,0.6524,0.6315,0.6372,25062.4679
2022-04-29T19:00:00+00:00,1651258800000.0,0.6372,0.639,0.6194,0.6257,7936.1728
2022-04-29T20:00:00+00:00,1651262400000.0,0.6257,0.6319,0.6248,0.6295,74.1984
2022-04-29T21:00:00+00:00,1651266000000.0,0.6295,0.6346,0.6277,0.633,3978.1373
2022-04-29T22:00:00+00:00,1651269600000.0,0.633,0.6362,0.6283,0.6354,0.6315
2022-04-29T23:00:00+00:00,1651273200000.0,0.6354,0.6381,0.6334,0.6377,115.6343
2022-04-30T00:00:00+00:00,1651276800000.0,0.6377,0.639,0.6324,0.6364,117.3368
2022-04-30T01:00:00+00:00,1651280400000.0,0.6364,0.6384,0.6339,0.6375,0.0
2022-04-30T02:00:00+00:00,1651284000000.0,0.6377,0.6395,0.6343,0.6359,3943.6846
2022-04-30T03:00:00+00:00,1651287600000.0,0.6354,0.6365,0.6308,0.6334,34.1982
2022-04-30T04:00:00+00:00,1651291200000.0,0.6333,0.6365,0.6315,0.6344,0.0
2022-04-30T05:00:00+00:00,1651294800000.0,0.6344,0.6389,0.6333,0.6375,2977.4
2022-04-30T06:00:00+00:00,1651298400000.0,0.6375,0.6394,0.6355,0.6381,119.8822
2022-04-30T07:00:00+00:00,1651302000000.0,0.6381,0.6389,0.6341,0.6355,104.2958
2022-04-30T08:00:00+00:00,1651305600000.0,0.6355,0.6356,0.6282,0.6323,1066.0073
2022-04-30T09:00:00+00:00,1651309200000.0,0.6323,0.6347,0.6305,0.6339,1007.4279
2022-04-30T10:00:00+00:00,1651312800000.0,0.6339,0.6361,0.6316,0.6327,9449.0815
2022-04-30T11:00:00+00:00,1651316400000.0,0.6327,0.6373,0.6327,0.6348,14000.3645
2022-04-30T12:00:00+00:00,1651320000000.0,0.6348,0.6375,0.6321,0.6326,31477.1947
2022-04-30T13:00:00+00:00,1651323600000.0,0.6326,0.6345,0.6252,0.6274,34117.6928
2022-04-30T14:00:00+00:00,1651327200000.0,0.6269,0.6299,0.6132,0.6144,6468.4774
2022-04-30T15:00:00+00:00,1651330800000.0,0.6144,0.6218,0.6128,0.6203,5887.074
2022-04-30T16:00:00+00:00,1651334400000.0,0.6203,0.6228,0.6148,0.6155,124.5999
2022-04-30T17:00:00+00:00,1651338000000.0,0.6155,0.6162,0.6022,0.6049,827.0844
2022-04-30T18:00:00+00:00,1651341600000.0,0.6049,0.6094,0.6042,0.6085,3708.2088
2022-04-30T19:00:00+00:00,1651345200000.0,0.6085,0.6135,0.6057,0.6104,15191.076
2022-04-30T20:00:00+00:00,1651348800000.0,0.6104,0.6113,0.6025,0.603,16899.5956
2022-04-30T21:00:00+00:00,1651352400000.0,0.603,0.605,0.6008,0.6034,2094.764
2022-04-30T22:00:00+00:00,1651356000000.0,0.6034,0.6035,0.5885,0.5894,4201.5361
2022-04-30T23:00:00+00:00,1651359600000.0,0.5894,0.5926,0.5378,0.5676,66100.7554
2022-05-01T00:00:00+00:00,1651363200000.0,0.5676,0.5766,0.5646,0.5715,6559.5909
2022-05-01T01:00:00+00:00,1651366800000.0,0.5715,0.5792,0.5644,0.577,12332.8193
2022-05-01T02:00:00+00:00,1651370400000.0,0.577,0.5809,0.5724,0.5732,3209.747
2022-05-01T03:00:00+00:00,1651374000000.0,0.5734,0.5789,0.5722,0.5761,761.5
2022-05-01T04:00:00+00:00,1651377600000.0,0.5761,0.5763,0.5711,0.5738,236.1223
2022-05-01T05:00:00+00:00,1651381200000.0,0.5738,0.5869,0.5721,0.5861,2032.538
2022-05-01T06:00:00+00:00,1651384800000.0,0.5861,0.5881,0.5827,0.5836,798.4462
2022-05-01T07:00:00+00:00,1651388400000.0,0.5836,0.588,0.582,0.5827,2885.8408
2022-05-01T08:00:00+00:00,1651392000000.0,0.5827,0.5904,0.5821,0.589,547.262
2022-05-01T09:00:00+00:00,1651395600000.0,0.589,0.5909,0.5847,0.5859,674.061
2022-05-01T10:00:00+00:00,1651399200000.0,0.5859,0.5903,0.5854,0.5872,128.652
2022-05-01T11:00:00+00:00,1651402800000.0,0.5872,0.5886,0.5834,0.5835,459.1892
2022-05-01T12:00:00+00:00,1651406400000.0,0.5835,0.5888,0.5806,0.5847,1101.2104
2022-05-01T13:00:00+00:00,1651410000000.0,0.5847,0.5872,0.5828,0.5828,5643.9134
2022-05-01T14:00:00+00:00,1651413600000.0,0.5828,0.5872,0.5804,0.5822,2823.4095
2022-05-01T15:00:00+00:00,1651417200000.0,0.5822,0.602,0.582,0.6007,886.2735
2022-05-01T16:00:00+00:00,1651420800000.0,0.6009,0.6054,0.5988,0.6017,7235.6334
2022-05-01T17:00:00+00:00,1651424400000.0,0.6017,0.6049,0.5993,0.6001,4690.2334
2022-05-01T18:00:00+00:00,1651428000000.0,0.6001,0.6005,0.5883,0.5889,9385.8068
2022-05-01T19:00:00+00:00,1651431600000.0,0.5889,0.5893,0.5797,0.5875,20670.6467
2022-05-01T20:00:00+00:00,1651435200000.0,0.5875,0.5984,0.5856,0.598,5732.0478
2022-05-01T21:00:00+00:00,1651438800000.0,0.598,0.5986,0.5891,0.5923,12345.8763
2022-05-01T22:00:00+00:00,1651442400000.0,0.5924,0.6012,0.5923,0.5958,3185.931
2022-05-01T23:00:00+00:00,1651446000000.0,0.5953,0.6045,0.5935,0.6012,3109.7422
2022-05-02T00:00:00+00:00,1651449600000.0,0.6012,0.6067,0.601,0.6054,1017.68
2022-05-02T01:00:00+00:00,1651453200000.0,0.6054,0.6073,0.5979,0.5979,0.0
2022-05-02T02:00:00+00:00,1651456800000.0,0.5979,0.5991,0.5947,0.5988,1196.9171
2022-05-02T03:00:00+00:00,1651460400000.0,0.5988,0.601,0.5984,0.5991,64.8432
2022-05-02T04:00:00+00:00,1651464000000.0,0.599,0.6093,0.5968,0.6066,2843.6787
2022-05-02T05:00:00+00:00,1651467600000.0,0.6066,0.6089,0.6007,0.6027,7886.1297
2022-05-02T06:00:00+00:00,1651471200000.0,0.6027,0.6056,0.6003,0.6009,6039.0
2022-05-02T07:00:00+00:00,1651474800000.0,0.601,0.6016,0.5949,0.5963,2998.4
2022-05-02T08:00:00+00:00,1651478400000.0,0.5963,0.5985,0.5898,0.593,63385.8319
2022-05-02T09:00:00+00:00,1651482000000.0,0.593,0.594,0.5875,0.5886,254919.7213
2022-05-02T10:00:00+00:00,1651485600000.0,0.5886,0.5902,0.5841,0.588,255992.1519
2022-05-02T11:00:00+00:00,1651489200000.0,0.588,0.5888,0.5831,0.5841,493271.4198
2022-05-02T12:00:00+00:00,1651492800000.0,0.5841,0.5872,0.581,0.584,112140.6733
2022-05-02T13:00:00+00:00,1651496400000.0,0.584,0.6,0.5818,0.5942,333419.5584
2022-05-02T14:00:00+00:00,1651500000000.0,0.5944,0.6,0.5875,0.5983,462047.6637
2022-05-02T15:00:00+00:00,1651503600000.0,0.5983,0.6,0.5945,0.5972,1423.561
2022-05-02T16:00:00+00:00,1651507200000.0,0.5972,0.5998,0.594,0.5944,6511.0582
2022-05-02T17:00:00+00:00,1651510800000.0,0.5944,0.5946,0.5801,0.5834,32368.5613
2022-05-02T18:00:00+00:00,1651514400000.0,0.5832,0.5906,0.5811,0.5887,5573.0336
2022-05-02T19:00:00+00:00,1651518000000.0,0.5887,0.6094,0.5878,0.6065,19306.0757
2022-05-02T20:00:00+00:00,1651521600000.0,0.6066,0.609,0.6021,0.6039,162.0108
2022-05-02T21:00:00+00:00,1651525200000.0,0.6039,0.6123,0.6015,0.6094,172.2689
2022-05-02T22:00:00+00:00,1651528800000.0,0.6094,0.6473,0.6085,0.6206,270101.1295
2022-05-02T23:00:00+00:00,1651532400000.0,0.6206,0.6234,0.6137,0.6158,13775.6777
2022-05-03T00:00:00+00:00,1651536000000.0,0.6158,0.6207,0.6112,0.6197,25554.1235
2022-05-03T01:00:00+00:00,1651539600000.0,0.6197,0.6389,0.6179,0.635,45499.9559
2022-05-03T02:00:00+00:00,1651543200000.0,0.635,0.6818,0.6336,0.6805,88348.2913
2022-05-03T03:00:00+00:00,1651546800000.0,0.6811,0.7237,0.6755,0.716,812294.7263
2022-05-03T04:00:00+00:00,1651550400000.0,0.716,0.7362,0.7071,0.7156,98298.4722
2022-05-03T05:00:00+00:00,1651554000000.0,0.7156,0.7366,0.7137,0.7314,37179.5096
2022-05-03T06:00:00+00:00,1651557600000.0,0.7314,0.7413,0.7177,0.7249,18185.6017
2022-05-03T07:00:00+00:00,1651561200000.0,0.7249,0.737,0.7236,0.7315,57274.6917
2022-05-03T08:00:00+00:00,1651564800000.0,0.7315,0.7342,0.71,0.716,1286482.5622
2022-05-03T09:00:00+00:00,1651568400000.0,0.716,0.7174,0.6943,0.7037,739665.6647
2022-05-03T10:00:00+00:00,1651572000000.0,0.7037,0.7094,0.6956,0.7061,397953.7796
2022-05-03T11:00:00+00:00,1651575600000.0,0.7061,0.7147,0.6999,0.7001,381685.1378
2022-05-03T12:00:00+00:00,1651579200000.0,0.7004,0.7011,0.6817,0.684,192654.1341
2022-05-03T13:00:00+00:00,1651582800000.0,0.684,0.6881,0.6777,0.6856,632326.2152
2022-05-03T14:00:00+00:00,1651586400000.0,0.6856,0.6876,0.6669,0.6695,59249.2686
2022-05-03T15:00:00+00:00,1651590000000.0,0.6695,0.6748,0.6637,0.6676,68840.548
2022-05-03T16:00:00+00:00,1651593600000.0,0.6676,0.6731,0.6616,0.6655,61411.9312
2022-05-03T17:00:00+00:00,1651597200000.0,0.6654,0.6833,0.6621,0.6656,177977.6877
2022-05-03T18:00:00+00:00,1651600800000.0,0.6656,0.6783,0.6556,0.6741,191078.3006
2022-05-03T19:00:00+00:00,1651604400000.0,0.6741,0.6741,0.6576,0.6641,105993.6627
2022-05-03T20:00:00+00:00,1651608000000.0,0.6644,0.6666,0.6525,0.6578,38392.7374
2022-05-03T21:00:00+00:00,1651611600000.0,0.6578,0.6658,0.6537,0.6631,34639.6283
2022-05-03T22:00:00+00:00,1651615200000.0,0.6631,0.6689,0.6598,0.6625,21279.5094
2022-05-03T23:00:00+00:00,1651618800000.0,0.6628,0.6721,0.6576,0.6695,36235.0434
2022-05-04T00:00:00+00:00,1651622400000.0,0.6695,0.6761,0.6585,0.6688,40558.5765
2022-05-04T01:00:00+00:00,1651626000000.0,0.6688,0.6781,0.6658,0.6726,23946.2743
2022-05-04T02:00:00+00:00,1651629600000.0,0.6726,0.7069,0.6714,0.6968,261364.5211
2022-05-04T03:00:00+00:00,1651633200000.0,0.6968,0.6975,0.6738,0.6828,80285.9882
2022-05-04T04:00:00+00:00,1651636800000.0,0.6828,0.6871,0.6741,0.6801,23409.5001
2022-05-04T05:00:00+00:00,1651640400000.0,0.6801,0.6835,0.6738,0.6824,47282.834
2022-05-04T06:00:00+00:00,1651644000000.0,0.6822,0.6869,0.6646,0.6653,120530.5109
2022-05-04T07:00:00+00:00,1651647600000.0,0.6653,0.6675,0.6573,0.665,47045.1339
2022-05-04T08:00:00+00:00,1651651200000.0,0.665,0.678,0.665,0.6766,73043.529
2022-05-04T09:00:00+00:00,1651654800000.0,0.6766,0.6809,0.6671,0.6694,52968.8106
2022-05-04T10:00:00+00:00,1651658400000.0,0.6694,0.6811,0.6652,0.6763,47303.3872
2022-05-04T11:00:00+00:00,1651662000000.0,0.6763,0.6787,0.6676,0.6716,176141.4316
2022-05-04T12:00:00+00:00,1651665600000.0,0.6716,0.6733,0.6607,0.6637,72653.8176
2022-05-04T13:00:00+00:00,1651669200000.0,0.6637,0.6661,0.6545,0.6549,31660.0256
2022-05-04T14:00:00+00:00,1651672800000.0,0.6549,0.6634,0.6545,0.6563,9111.9376
2022-05-04T15:00:00+00:00,1651676400000.0,0.6563,0.662,0.6532,0.6582,24653.7878
2022-05-04T16:00:00+00:00,1651680000000.0,0.6588,0.6716,0.6536,0.6613,45635.1828
2022-05-04T17:00:00+00:00,1651683600000.0,0.6613,0.6655,0.6547,0.6611,1294.8306
2022-05-04T18:00:00+00:00,1651687200000.0,0.6611,0.6953,0.6581,0.6879,82942.6088
2022-05-04T19:00:00+00:00,1651690800000.0,0.6879,0.7132,0.6879,0.7079,37515.8993
2022-05-04T20:00:00+00:00,1651694400000.0,0.7079,0.7186,0.7056,0.7134,69189.6338
2022-05-04T21:00:00+00:00,1651698000000.0,0.7134,0.7151,0.7006,0.7012,20720.3592
2022-05-04T22:00:00+00:00,1651701600000.0,0.7012,0.7118,0.7012,0.7036,79170.3877
2022-05-04T23:00:00+00:00,1651705200000.0,0.7036,0.7165,0.7026,0.7154,47340.6366
2022-05-05T00:00:00+00:00,1651708800000.0,0.7154,0.7305,0.7058,0.7222,67881.7347
2022-05-05T01:00:00+00:00,1651712400000.0,0.7222,0.7258,0.7108,0.7131,24720.9191
2022-05-05T02:00:00+00:00,1651716000000.0,0.7131,0.7217,0.7116,0.7192,21469.2004
2022-05-05T03:00:00+00:00,1651719600000.0,0.7192,0.7252,0.7158,0.7246,19845.9842
2022-05-05T04:00:00+00:00,1651723200000.0,0.7246,0.7246,0.7123,0.7192,24990.9822
2022-05-05T05:00:00+00:00,1651726800000.0,0.719,0.7208,0.7038,0.706,12546.2908
2022-05-05T06:00:00+00:00,1651730400000.0,0.706,0.7148,0.7013,0.702,16653.8786
2022-05-05T07:00:00+00:00,1651734000000.0,0.7017,0.7067,0.6973,0.7046,13358.8703
2022-05-05T08:00:00+00:00,1651737600000.0,0.7046,0.7055,0.6926,0.6968,21034.0991
2022-05-05T09:00:00+00:00,1651741200000.0,0.6968,0.7014,0.6927,0.6962,4612.5397
2022-05-05T10:00:00+00:00,1651744800000.0,0.6962,0.7017,0.695,0.6987,17690.7866
2022-05-05T11:00:00+00:00,1651748400000.0,0.6987,0.7057,0.6985,0.6992,11608.2331
2022-05-05T12:00:00+00:00,1651752000000.0,0.6992,0.7136,0.6976,0.7107,31587.0019
2022-05-05T13:00:00+00:00,1651755600000.0,0.7105,0.711,0.6803,0.6809,40631.427
2022-05-05T14:00:00+00:00,1651759200000.0,0.6809,0.6852,0.6592,0.6629,178389.8373
2022-05-05T15:00:00+00:00,1651762800000.0,0.6629,0.6633,0.6214,0.6282,54466.3393
2022-05-05T16:00:00+00:00,1651766400000.0,0.6282,0.6382,0.623,0.63,14667.569
2022-05-05T17:00:00+00:00,1651770000000.0,0.63,0.635,0.6263,0.6269,9064.1962
2022-05-05T18:00:00+00:00,1651773600000.0,0.6269,0.6325,0.6151,0.6254,29594.9325
2022-05-05T19:00:00+00:00,1651777200000.0,0.6254,0.629,0.6152,0.6283,39716.6777
2022-05-05T20:00:00+00:00,1651780800000.0,0.6283,0.6365,0.6234,0.6365,15686.1354
2022-05-05T21:00:00+00:00,1651784400000.0,0.6365,0.6371,0.6301,0.6341,331.1832
2022-05-05T22:00:00+00:00,1651788000000.0,0.6341,0.6359,0.6272,0.6279,21403.4609
2022-05-05T23:00:00+00:00,1651791600000.0,0.6279,0.6353,0.6269,0.6346,20834.8355
2022-05-06T00:00:00+00:00,1651795200000.0,0.6346,0.649,0.6319,0.6442,31674.1392
2022-05-06T01:00:00+00:00,1651798800000.0,0.6442,0.6632,0.6411,0.6631,31127.0897
2022-05-06T02:00:00+00:00,1651802400000.0,0.6631,0.688,0.6623,0.6654,85779.9784
2022-05-06T03:00:00+00:00,1651806000000.0,0.6654,0.6715,0.6565,0.6653,40745.6906
2022-05-06T04:00:00+00:00,1651809600000.0,0.6654,0.6659,0.65,0.6561,12938.606
2022-05-06T05:00:00+00:00,1651813200000.0,0.6561,0.6625,0.6518,0.6617,8009.3647
2022-05-06T06:00:00+00:00,1651816800000.0,0.6617,0.6644,0.6542,0.656,19545.7311
2022-05-06T07:00:00+00:00,1651820400000.0,0.656,0.6621,0.6327,0.6483,39278.8357
2022-05-06T08:00:00+00:00,1651824000000.0,0.6483,0.6569,0.6436,0.6468,27814.163
2022-05-06T09:00:00+00:00,1651827600000.0,0.6468,0.6615,0.644,0.6603,8569.3126
2022-05-06T10:00:00+00:00,1651831200000.0,0.6603,0.6625,0.632,0.6408,34943.9095
2022-05-06T11:00:00+00:00,1651834800000.0,0.6408,0.644,0.6286,0.6363,35970.5544
2022-05-06T12:00:00+00:00,1651838400000.0,0.6363,0.6541,0.633,0.64,29208.3052
2022-05-06T13:00:00+00:00,1651842000000.0,0.64,0.6507,0.6261,0.6377,27551.8252
2022-05-06T14:00:00+00:00,1651845600000.0,0.6377,0.654,0.6352,0.6512,306991.6199
2022-05-06T15:00:00+00:00,1651849200000.0,0.6515,0.6666,0.6484,0.6489,169692.9292
2022-05-06T16:00:00+00:00,1651852800000.0,0.6489,0.699,0.6486,0.6943,167359.2972
2022-05-06T17:00:00+00:00,1651856400000.0,0.6943,0.7083,0.6891,0.6934,98078.4409
2022-05-06T18:00:00+00:00,1651860000000.0,0.6934,0.7104,0.6888,0.7003,82343.7827
2022-05-06T19:00:00+00:00,1651863600000.0,0.7003,0.7056,0.6931,0.7002,45085.4082
2022-05-06T20:00:00+00:00,1651867200000.0,0.7002,0.7047,0.6894,0.6916,19771.6511
2022-05-06T21:00:00+00:00,1651870800000.0,0.6916,0.7001,0.6826,0.6878,11194.5379
2022-05-06T22:00:00+00:00,1651874400000.0,0.6878,0.7237,0.6805,0.6998,46149.9371
2022-05-06T23:00:00+00:00,1651878000000.0,0.6998,0.7036,0.6903,0.6967,27180.6178
2022-05-07T00:00:00+00:00,1651881600000.0,0.6967,0.7048,0.6886,0.6901,32578.0794
2022-05-07T01:00:00+00:00,1651885200000.0,0.6901,0.693,0.6837,0.6882,8574.8195
2022-05-07T02:00:00+00:00,1651888800000.0,0.6882,0.6897,0.6783,0.6803,16991.5849
2022-05-07T03:00:00+00:00,1651892400000.0,0.6803,0.6926,0.6797,0.6868,49515.8064
2022-05-07T04:00:00+00:00,1651896000000.0,0.687,0.6903,0.6736,0.6752,64943.2225
2022-05-07T05:00:00+00:00,1651899600000.0,0.6752,0.6887,0.6725,0.6887,28410.8228
2022-05-07T06:00:00+00:00,1651903200000.0,0.6887,0.6887,0.6782,0.6856,13898.9301
2022-05-07T07:00:00+00:00,1651906800000.0,0.6856,0.7081,0.6845,0.7062,37010.4839
2022-05-07T08:00:00+00:00,1651910400000.0,0.7062,0.7187,0.7002,0.702,51262.0561
2022-05-07T09:00:00+00:00,1651914000000.0,0.702,0.7069,0.6962,0.7005,167989.3356
2022-05-07T10:00:00+00:00,1651917600000.0,0.7005,0.7125,0.6976,0.7098,206683.1181
2022-05-07T11:00:00+00:00,1651921200000.0,0.7098,0.7397,0.706,0.7387,627947.8766
2022-05-07T12:00:00+00:00,1651924800000.0,0.7387,0.7467,0.7257,0.7299,183135.625
2022-05-07T13:00:00+00:00,1651928400000.0,0.7299,0.7302,0.7188,0.7231,20769.7844
2022-05-07T14:00:00+00:00,1651932000000.0,0.7231,0.7341,0.7172,0.7305,34311.9436
2022-05-07T15:00:00+00:00,1651935600000.0,0.7305,0.7439,0.7272,0.7413,49262.1604
2022-05-07T16:00:00+00:00,1651939200000.0,0.7413,0.7495,0.7297,0.7362,46402.8535
2022-05-07T17:00:00+00:00,1651942800000.0,0.7362,0.7746,0.7316,0.7701,124829.716
2022-05-07T18:00:00+00:00,1651946400000.0,0.7701,0.774,0.762,0.7632,42768.2607
2022-05-07T19:00:00+00:00,1651950000000.0,0.7632,0.7727,0.7542,0.7624,59127.737
2022-05-07T20:00:00+00:00,1651953600000.0,0.7624,0.7631,0.7536,0.7578,28262.118
2022-05-07T21:00:00+00:00,1651957200000.0,0.7584,0.763,0.7363,0.7372,90780.3258
2022-05-07T22:00:00+00:00,1651960800000.0,0.7372,0.7559,0.7323,0.7465,726090.6215
2022-05-07T23:00:00+00:00,1651964400000.0,0.7465,0.7691,0.743,0.7489,51394.3462
2022-05-08T00:00:00+00:00,1651968000000.0,0.7489,0.7689,0.7408,0.7556,49744.7126
2022-05-08T01:00:00+00:00,1651971600000.0,0.7556,0.7623,0.7462,0.7538,36299.343
2022-05-08T02:00:00+00:00,1651975200000.0,0.7539,0.7578,0.7354,0.7435,74236.9491
2022-05-08T03:00:00+00:00,1651978800000.0,0.7435,0.7461,0.7164,0.7226,50262.3138
2022-05-08T04:00:00+00:00,1651982400000.0,0.7227,0.7327,0.7155,0.7158,57225.9338
2022-05-08T05:00:00+00:00,1651986000000.0,0.7158,0.718,0.7067,0.7169,55939.997
2022-05-08T06:00:00+00:00,1651989600000.0,0.7169,0.7398,0.7167,0.7344,28417.4424
2022-05-08T07:00:00+00:00,1651993200000.0,0.7341,0.7502,0.7292,0.7333,60711.9987
2022-05-08T08:00:00+00:00,1651996800000.0,0.7333,0.7394,0.7222,0.7375,15484.8889
2022-05-08T09:00:00+00:00,1652000400000.0,0.7375,0.7424,0.7276,0.728,29919.0391
2022-05-08T10:00:00+00:00,1652004000000.0,0.728,0.7599,0.7231,0.7536,53098.8402
2022-05-08T11:00:00+00:00,1652007600000.0,0.7536,0.7694,0.7514,0.7659,24988.5861
2022-05-08T12:00:00+00:00,1652011200000.0,0.7659,0.7846,0.7549,0.7756,82724.2938
2022-05-08T13:00:00+00:00,1652014800000.0,0.7756,0.7756,0.7454,0.7486,125294.1735
2022-05-08T14:00:00+00:00,1652018400000.0,0.7486,0.763,0.7472,0.752,77409.7302
2022-05-08T15:00:00+00:00,1652022000000.0,0.7521,0.7658,0.7502,0.7502,11240.9071
2022-05-08T16:00:00+00:00,1652025600000.0,0.7502,0.7562,0.7302,0.7302,20713.76
2022-05-08T17:00:00+00:00,1652029200000.0,0.7302,0.7383,0.7197,0.7383,20369.5418
2022-05-08T18:00:00+00:00,1652032800000.0,0.7383,0.7384,0.7185,0.7288,14279.4616
2022-05-08T19:00:00+00:00,1652036400000.0,0.7288,0.7381,0.7283,0.7337,663288.8879
2022-05-08T20:00:00+00:00,1652040000000.0,0.7337,0.7347,0.7199,0.7221,386782.4361
2022-05-08T21:00:00+00:00,1652043600000.0,0.7221,0.7392,0.7221,0.7392,451.8904
2022-05-08T22:00:00+00:00,1652047200000.0,0.7392,0.7392,0.7239,0.7324,15009.7192
2022-05-08T23:00:00+00:00,1652050800000.0,0.7324,0.7324,0.7203,0.729,202434.5399
2022-05-09T00:00:00+00:00,1652054400000.0,0.729,0.7559,0.729,0.7486,88991.3535
2022-05-09T01:00:00+00:00,1652058000000.0,0.7486,0.7506,0.7282,0.7301,28261.6668
2022-05-09T02:00:00+00:00,1652061600000.0,0.7301,0.7311,0.7124,0.7301,30763.1693
2022-05-09T03:00:00+00:00,1652065200000.0,0.7301,0.7533,0.7279,0.7287,61452.8421
2022-05-09T04:00:00+00:00,1652068800000.0,0.7287,0.7394,0.7221,0.7235,39893.7022
2022-05-09T05:00:00+00:00,1652072400000.0,0.7235,0.738,0.7235,0.7375,13807.7239
2022-05-09T06:00:00+00:00,1652076000000.0,0.7375,0.7376,0.7206,0.727,50029.0684
2022-05-09T07:00:00+00:00,1652079600000.0,0.727,0.7354,0.7168,0.7174,13739.5365
2022-05-09T08:00:00+00:00,1652083200000.0,0.7174,0.7228,0.7075,0.7184,27029.353
2022-05-09T09:00:00+00:00,1652086800000.0,0.7184,0.723,0.6963,0.6964,45314.4969
2022-05-09T10:00:00+00:00,1652090400000.0,0.6964,0.6976,0.6614,0.6727,118294.2101
2022-05-09T11:00:00+00:00,1652094000000.0,0.6727,0.6764,0.6536,0.664,39283.5967
2022-05-09T12:00:00+00:00,1652097600000.0,0.664,0.6643,0.6488,0.6538,25511.5283
2022-05-09T13:00:00+00:00,1652101200000.0,0.6538,0.6808,0.6504,0.669,691865.9358
2022-05-09T14:00:00+00:00,1652104800000.0,0.669,0.6703,0.6512,0.6554,159059.9728
2022-05-09T15:00:00+00:00,1652108400000.0,0.6554,0.6623,0.6412,0.6503,52411.3728
2022-05-09T16:00:00+00:00,1652112000000.0,0.6503,0.6615,0.6218,0.6367,320574.6818
2022-05-09T17:00:00+00:00,1652115600000.0,0.6367,0.6591,0.6233,0.6432,92691.739
2022-05-09T18:00:00+00:00,1652119200000.0,0.6432,0.6444,0.6029,0.6185,69521.9573
2022-05-09T19:00:00+00:00,1652122800000.0,0.6186,0.6232,0.5942,0.6116,37739.1486
2022-05-09T20:00:00+00:00,1652126400000.0,0.6116,0.6391,0.6111,0.6216,69352.6999
2022-05-09T21:00:00+00:00,1652130000000.0,0.6216,0.6282,0.606,0.6078,23694.8443
2022-05-09T22:00:00+00:00,1652133600000.0,0.6073,0.6212,0.6053,0.6078,20935.7679
2022-05-09T23:00:00+00:00,1652137200000.0,0.6078,0.6135,0.567,0.573,104599.4687
2022-05-10T00:00:00+00:00,1652140800000.0,0.573,0.6031,0.5511,0.5985,171617.9952
2022-05-10T01:00:00+00:00,1652144400000.0,0.5985,0.6186,0.5932,0.6017,133166.8017
2022-05-10T02:00:00+00:00,1652148000000.0,0.602,0.6098,0.592,0.5991,63049.0252
2022-05-10T03:00:00+00:00,1652151600000.0,0.5991,0.6041,0.5856,0.5858,11656.3546
2022-05-10T04:00:00+00:00,1652155200000.0,0.5858,0.6173,0.5836,0.6108,39854.6944
2022-05-10T05:00:00+00:00,1652158800000.0,0.6108,0.6486,0.6104,0.6412,46287.817
2022-05-10T06:00:00+00:00,1652162400000.0,0.6412,0.6553,0.6372,0.6372,67259.4593
2022-05-10T07:00:00+00:00,1652166000000.0,0.6372,0.641,0.6234,0.6236,18627.0231
2022-05-10T08:00:00+00:00,1652169600000.0,0.6236,0.6449,0.6234,0.6341,108414.013
2022-05-10T09:00:00+00:00,1652173200000.0,0.6341,0.6393,0.6226,0.6257,39203.0679
2022-05-10T10:00:00+00:00,1652176800000.0,0.6257,0.636,0.6227,0.6258,21152.1347
2022-05-10T11:00:00+00:00,1652180400000.0,0.6258,0.6449,0.624,0.6386,48706.1767
2022-05-10T12:00:00+00:00,1652184000000.0,0.6386,0.6569,0.6337,0.6557,18405.7539
2022-05-10T13:00:00+00:00,1652187600000.0,0.6557,0.6606,0.6291,0.639,47943.2236
2022-05-10T14:00:00+00:00,1652191200000.0,0.639,0.6455,0.6047,0.6085,22583.0059
2022-05-10T15:00:00+00:00,1652194800000.0,0.6085,0.6196,0.593,0.6088,36505.8402
2022-05-10T16:00:00+00:00,1652198400000.0,0.6088,0.6132,0.5951,0.6016,18766.5214
2022-05-10T17:00:00+00:00,1652202000000.0,0.6016,0.6214,0.6013,0.6129,36114.557
2022-05-10T18:00:00+00:00,1652205600000.0,0.6129,0.6134,0.6006,0.6051,11334.3783
2022-05-10T19:00:00+00:00,1652209200000.0,0.6051,0.6084,0.5915,0.5973,58498.8797
2022-05-10T20:00:00+00:00,1652212800000.0,0.5973,0.5982,0.581,0.5837,29990.4981
2022-05-10T21:00:00+00:00,1652216400000.0,0.5837,0.5883,0.5596,0.5605,106048.5695
2022-05-10T22:00:00+00:00,1652220000000.0,0.5605,0.5858,0.559,0.5726,101676.5726
2022-05-10T23:00:00+00:00,1652223600000.0,0.5726,0.5941,0.5704,0.5844,2896.6146
2022-05-11T00:00:00+00:00,1652227200000.0,0.5844,0.5994,0.5791,0.5893,9530.7156
2022-05-11T01:00:00+00:00,1652230800000.0,0.5893,0.5905,0.5691,0.5696,15942.6192
2022-05-11T02:00:00+00:00,1652234400000.0,0.5696,0.601,0.566,0.5928,23312.0126
2022-05-11T03:00:00+00:00,1652238000000.0,0.5928,0.5965,0.5822,0.584,4340.5128
2022-05-11T04:00:00+00:00,1652241600000.0,0.584,0.5933,0.5736,0.5779,29394.4383
2022-05-11T05:00:00+00:00,1652245200000.0,0.5779,0.6064,0.57,0.5818,18844.3499
2022-05-11T06:00:00+00:00,1652248800000.0,0.5818,0.5868,0.5441,0.5485,51970.0829
2022-05-11T07:00:00+00:00,1652252400000.0,0.5485,0.5499,0.4837,0.5246,186646.9399
2022-05-11T08:00:00+00:00,1652256000000.0,0.5246,0.5429,0.5148,0.5406,57876.9975
2022-05-11T09:00:00+00:00,1652259600000.0,0.5406,0.5492,0.5145,0.5477,40121.817
2022-05-11T10:00:00+00:00,1652263200000.0,0.5477,0.5547,0.5262,0.5263,149591.05
2022-05-11T11:00:00+00:00,1652266800000.0,0.5263,0.5315,0.501,0.503,87515.036
2022-05-11T12:00:00+00:00,1652270400000.0,0.503,0.5207,0.4176,0.4297,133856.879
2022-05-11T13:00:00+00:00,1652274000000.0,0.4297,0.513,0.4295,0.4917,522657.6758
2022-05-11T14:00:00+00:00,1652277600000.0,0.4917,0.5077,0.4791,0.4928,169016.1221
2022-05-11T15:00:00+00:00,1652281200000.0,0.4928,0.4934,0.4724,0.4816,218184.4207
2022-05-11T16:00:00+00:00,1652284800000.0,0.4816,0.4878,0.45,0.4522,214564.6334
2022-05-11T17:00:00+00:00,1652288400000.0,0.4522,0.4671,0.4369,0.4595,146205.1332
2022-05-11T18:00:00+00:00,1652292000000.0,0.4595,0.4656,0.4459,0.4484,21888.2237
2022-05-11T19:00:00+00:00,1652295600000.0,0.4484,0.4488,0.433,0.4417,32526.9662
2022-05-11T20:00:00+00:00,1652299200000.0,0.4417,0.4543,0.4109,0.415,67501.06
2022-05-11T21:00:00+00:00,1652302800000.0,0.415,0.45,0.4026,0.44,87198.882
2022-05-11T22:00:00+00:00,1652306400000.0,0.44,0.4521,0.431,0.441,10361.7378
2022-05-11T23:00:00+00:00,1652310000000.0,0.441,0.4508,0.4317,0.449,1753.4341
2022-05-12T00:00:00+00:00,1652313600000.0,0.449,0.4817,0.4461,0.4688,133368.4377
2022-05-12T01:00:00+00:00,1652317200000.0,0.4688,0.4791,0.4538,0.4538,32436.3998
2022-05-12T02:00:00+00:00,1652320800000.0,0.4538,0.4577,0.4289,0.4294,43192.0524
2022-05-12T03:00:00+00:00,1652324400000.0,0.4294,0.4317,0.4038,0.4039,51855.4901
2022-05-12T04:00:00+00:00,1652328000000.0,0.4039,0.4085,0.3802,0.3916,124942.1397
2022-05-12T05:00:00+00:00,1652331600000.0,0.3916,0.3965,0.353,0.3727,181195.2068
2022-05-12T06:00:00+00:00,1652335200000.0,0.3727,0.3946,0.3698,0.37,63659.177
2022-05-12T07:00:00+00:00,1652338800000.0,0.37,0.4067,0.341,0.3965,68689.6544
2022-05-12T08:00:00+00:00,1652342400000.0,0.3965,0.3989,0.3785,0.382,6975.8504
2022-05-12T09:00:00+00:00,1652346000000.0,0.382,0.3905,0.3733,0.3742,16986.662
2022-05-12T10:00:00+00:00,1652349600000.0,0.3742,0.405,0.3705,0.4,32608.2818
2022-05-12T11:00:00+00:00,1652353200000.0,0.4,0.4084,0.3926,0.3945,94956.0932
2022-05-12T12:00:00+00:00,1652356800000.0,0.3945,0.3971,0.3805,0.396,23184.5509
2022-05-12T13:00:00+00:00,1652360400000.0,0.396,0.4039,0.385,0.3901,5752.8432
2022-05-12T14:00:00+00:00,1652364000000.0,0.3901,0.4155,0.3855,0.4149,12838.9387
2022-05-12T15:00:00+00:00,1652367600000.0,0.4149,0.4294,0.4114,0.4139,108766.5815
2022-05-12T16:00:00+00:00,1652371200000.0,0.4139,0.441,0.4113,0.439,24407.6363
2022-05-12T17:00:00+00:00,1652374800000.0,0.439,0.439,0.4154,0.4169,36493.4221
2022-05-12T18:00:00+00:00,1652378400000.0,0.4169,0.4206,0.4016,0.4023,15837.4039
2022-05-12T19:00:00+00:00,1652382000000.0,0.4023,0.4132,0.4003,0.41,29133.3272
2022-05-12T20:00:00+00:00,1652385600000.0,0.41,0.4165,0.4012,0.4089,63853.5306
2022-05-12T21:00:00+00:00,1652389200000.0,0.4089,0.4089,0.3912,0.4004,10175.0122
2022-05-12T22:00:00+00:00,1652392800000.0,0.4004,0.4061,0.3968,0.405,5818.3354
2022-05-12T23:00:00+00:00,1652396400000.0,0.405,0.4221,0.405,0.4221,22894.4304
2022-05-13T00:00:00+00:00,1652400000000.0,0.4221,0.4313,0.4142,0.4289,61353.9056
2022-05-13T01:00:00+00:00,1652403600000.0,0.4289,0.4404,0.4269,0.432,43007.6853
2022-05-13T02:00:00+00:00,1652407200000.0,0.432,0.4577,0.428,0.4556,27703.1135
2022-05-13T03:00:00+00:00,1652410800000.0,0.4556,0.4719,0.4524,0.465,32533.7874
2022-05-13T04:00:00+00:00,1652414400000.0,0.465,0.4722,0.4593,0.469,16647.3427
2022-05-13T05:00:00+00:00,1652418000000.0,0.469,0.491,0.4656,0.4788,97447.5407
2022-05-13T06:00:00+00:00,1652421600000.0,0.4788,0.4899,0.4781,0.48,27216.5839
2022-05-13T07:00:00+00:00,1652425200000.0,0.48,0.4812,0.4634,0.4637,25324.158
2022-05-13T08:00:00+00:00,1652428800000.0,0.4637,0.4743,0.4632,0.4693,25790.4643
2022-05-13T09:00:00+00:00,1652432400000.0,0.4693,0.4825,0.4688,0.4704,11054.2236
2022-05-13T10:00:00+00:00,1652436000000.0,0.4704,0.4835,0.4642,0.4829,21066.1102
2022-05-13T11:00:00+00:00,1652439600000.0,0.4829,0.4894,0.4736,0.4877,17214.4512
2022-05-13T12:00:00+00:00,1652443200000.0,0.4877,0.4917,0.4798,0.4882,11408.7491
2022-05-13T13:00:00+00:00,1652446800000.0,0.4882,0.4966,0.4762,0.4934,15485.6304
2022-05-13T14:00:00+00:00,1652450400000.0,0.4934,0.5078,0.4933,0.4973,18949.5193
2022-05-13T15:00:00+00:00,1652454000000.0,0.4973,0.4985,0.4762,0.4821,10767.9392
2022-05-13T16:00:00+00:00,1652457600000.0,0.4821,0.4925,0.4632,0.464,12777.9489
2022-05-13T17:00:00+00:00,1652461200000.0,0.464,0.4737,0.455,0.4552,23509.5006
2022-05-13T18:00:00+00:00,1652464800000.0,0.4552,0.4622,0.4502,0.4608,6505.954
2022-05-13T19:00:00+00:00,1652468400000.0,0.4608,0.4615,0.4516,0.4564,14448.4767
2022-05-13T20:00:00+00:00,1652472000000.0,0.4564,0.4645,0.4484,0.4558,53483.4762
2022-05-13T21:00:00+00:00,1652475600000.0,0.4558,0.4669,0.4541,0.4663,1670.9342
2022-05-13T22:00:00+00:00,1652479200000.0,0.4663,0.4663,0.4475,0.4475,17607.7916
2022-05-13T23:00:00+00:00,1652482800000.0,0.4475,0.4487,0.4357,0.4419,16940.8259
2022-05-14T00:00:00+00:00,1652486400000.0,0.4419,0.455,0.4383,0.4536,9681.37
2022-05-14T01:00:00+00:00,1652490000000.0,0.4536,0.469,0.447,0.4641,60815.1122
2022-05-14T02:00:00+00:00,1652493600000.0,0.4641,0.4725,0.461,0.4625,13573.6521
2022-05-14T03:00:00+00:00,1652497200000.0,0.4625,0.4671,0.4563,0.4613,12979.6238
2022-05-14T04:00:00+00:00,1652500800000.0,0.4613,0.4613,0.4443,0.4484,9021.7998
2022-05-14T05:00:00+00:00,1652504400000.0,0.4484,0.4533,0.4435,0.4504,2323.7496
2022-05-14T06:00:00+00:00,1652508000000.0,0.4504,0.4552,0.4463,0.4526,33150.8327
2022-05-14T07:00:00+00:00,1652511600000.0,0.4526,0.454,0.4456,0.4471,3534.3721
2022-05-14T08:00:00+00:00,1652515200000.0,0.4471,0.4512,0.4455,0.4501,22792.9854
2022-05-14T09:00:00+00:00,1652518800000.0,0.4501,0.4545,0.4428,0.4456,3861.9501
2022-05-14T10:00:00+00:00,1652522400000.0,0.4456,0.4467,0.4315,0.4336,9310.5288
2022-05-14T11:00:00+00:00,1652526000000.0,0.4336,0.4369,0.4242,0.4317,61515.6941
2022-05-14T12:00:00+00:00,1652529600000.0,0.4317,0.4373,0.4279,0.4315,4505.9113
2022-05-14T13:00:00+00:00,1652533200000.0,0.4315,0.4336,0.4255,0.4257,18444.9355
2022-05-14T14:00:00+00:00,1652536800000.0,0.4257,0.4305,0.4219,0.4243,5006.0711
2022-05-14T15:00:00+00:00,1652540400000.0,0.4243,0.4282,0.4187,0.4229,9704.0023
2022-05-14T16:00:00+00:00,1652544000000.0,0.4229,0.4457,0.4181,0.4391,36299.6616
2022-05-14T17:00:00+00:00,1652547600000.0,0.4391,0.4458,0.4368,0.4458,3777.3536
2022-05-14T18:00:00+00:00,1652551200000.0,0.4458,0.4513,0.4435,0.4435,3793.8793
2022-05-14T19:00:00+00:00,1652554800000.0,0.4435,0.4449,0.4386,0.4416,4959.9935
2022-05-14T20:00:00+00:00,1652558400000.0,0.4416,0.4484,0.4412,0.4421,652.4618
2022-05-14T21:00:00+00:00,1652562000000.0,0.4421,0.4544,0.4421,0.4521,2190.1417
2022-05-14T22:00:00+00:00,1652565600000.0,0.4521,0.4657,0.4493,0.4604,4912.4601
2022-05-14T23:00:00+00:00,1652569200000.0,0.4604,0.4651,0.4554,0.4627,7448.0524
2022-05-15T00:00:00+00:00,1652572800000.0,0.4627,0.4684,0.4578,0.4608,8546.5342
2022-05-15T01:00:00+00:00,1652576400000.0,0.4608,0.4614,0.4518,0.4546,4887.5615
2022-05-15T02:00:00+00:00,1652580000000.0,0.4546,0.4564,0.4454,0.4471,3252.7823
2022-05-15T03:00:00+00:00,1652583600000.0,0.4471,0.4491,0.4437,0.4461,20608.4694
2022-05-15T04:00:00+00:00,1652587200000.0,0.4461,0.4484,0.4437,0.4484,12298.8035
2022-05-15T05:00:00+00:00,1652590800000.0,0.4484,0.4584,0.4477,0.4577,396.4525
2022-05-15T06:00:00+00:00,1652594400000.0,0.4577,0.4607,0.4555,0.4598,4518.4645
2022-05-15T07:00:00+00:00,1652598000000.0,0.4598,0.4624,0.4561,0.4568,12745.1973
2022-05-15T08:00:00+00:00,1652601600000.0,0.4568,0.4584,0.4505,0.4521,30928.1059
2022-05-15T09:00:00+00:00,1652605200000.0,0.4521,0.4558,0.4492,0.4558,161.8008
2022-05-15T10:00:00+00:00,1652608800000.0,0.4558,0.4584,0.4495,0.4584,4469.1285
2022-05-15T11:00:00+00:00,1652612400000.0,0.4584,0.4675,0.4576,0.4675,4295.7384
2022-05-15T12:00:00+00:00,1652616000000.0,0.4675,0.4747,0.4659,0.4669,15371.1094
2022-05-15T13:00:00+00:00,1652619600000.0,0.4669,0.4669,0.4564,0.4572,1866.7588
2022-05-15T14:00:00+00:00,1652623200000.0,0.4572,0.4592,0.4505,0.4582,8610.7148
2022-05-15T15:00:00+00:00,1652626800000.0,0.4582,0.4634,0.454,0.4575,2769.9055
2022-05-15T16:00:00+00:00,1652630400000.0,0.4575,0.4631,0.4565,0.4615,5495.4665
2022-05-15T17:00:00+00:00,1652634000000.0,0.4615,0.4628,0.4522,0.4533,4622.5244
2022-05-15T18:00:00+00:00,1652637600000.0,0.4533,0.4578,0.4522,0.4566,2740.244
2022-05-15T19:00:00+00:00,1652641200000.0,0.4566,0.4645,0.4549,0.4639,5382.2028
2022-05-15T20:00:00+00:00,1652644800000.0,0.4639,0.4739,0.4623,0.4716,8617.1377
2022-05-15T21:00:00+00:00,1652648400000.0,0.4716,0.4778,0.4691,0.4773,5949.3782
2022-05-15T22:00:00+00:00,1652652000000.0,0.4773,0.4857,0.4761,0.4808,5432.6724
2022-05-15T23:00:00+00:00,1652655600000.0,0.4808,0.4935,0.4781,0.4909,21252.5095
2022-05-16T00:00:00+00:00,1652659200000.0,0.4909,0.4909,0.4747,0.4757,9472.031
2022-05-16T01:00:00+00:00,1652662800000.0,0.4757,0.4789,0.4705,0.4739,17073.0672
2022-05-16T02:00:00+00:00,1652666400000.0,0.4739,0.4739,0.4689,0.4736,1811.2997
2022-05-16T03:00:00+00:00,1652670000000.0,0.4736,0.475,0.4636,0.4651,12619.3987
2022-05-16T04:00:00+00:00,1652673600000.0,0.4651,0.4667,0.4599,0.4657,14776.4698
2022-05-16T05:00:00+00:00,1652677200000.0,0.4657,0.4694,0.4629,0.4629,9203.6444
2022-05-16T06:00:00+00:00,1652680800000.0,0.4629,0.4629,0.4417,0.4445,19743.1811
2022-05-16T07:00:00+00:00,1652684400000.0,0.4445,0.4479,0.44,0.4475,5960.7015
2022-05-16T08:00:00+00:00,1652688000000.0,0.4475,0.4533,0.4473,0.4526,5215.9526
2022-05-16T09:00:00+00:00,1652691600000.0,0.4526,0.4535,0.439,0.4427,13979.8871
2022-05-16T10:00:00+00:00,1652695200000.0,0.4427,0.4541,0.4381,0.454,5658.6186
2022-05-16T11:00:00+00:00,1652698800000.0,0.454,0.454,0.4488,0.4498,7023.083
2022-05-16T12:00:00+00:00,1652702400000.0,0.4498,0.4578,0.4454,0.4516,4348.3774
2022-05-16T13:00:00+00:00,1652706000000.0,0.4516,0.4571,0.447,0.447,18668.8978
2022-05-16T14:00:00+00:00,1652709600000.0,0.447,0.4553,0.446,0.4493,16029.1436
2022-05-16T15:00:00+00:00,1652713200000.0,0.4493,0.4544,0.4456,0.4537,8652.2696
2022-05-16T16:00:00+00:00,1652716800000.0,0.4537,0.4556,0.447,0.4495,11900.7184
2022-05-16T17:00:00+00:00,1652720400000.0,0.4495,0.4596,0.4492,0.4585,10191.6215
2022-05-16T18:00:00+00:00,1652724000000.0,0.4585,0.4828,0.4572,0.48,26507.1852
2022-05-16T19:00:00+00:00,1652727600000.0,0.48,0.4871,0.4736,0.4742,24100.5481
2022-05-16T20:00:00+00:00,1652731200000.0,0.4742,0.4825,0.4701,0.4706,27003.7054
2022-05-16T21:00:00+00:00,1652734800000.0,0.4706,0.4774,0.4687,0.4727,63749.804
2022-05-16T22:00:00+00:00,1652738400000.0,0.4727,0.4732,0.4629,0.4631,15620.8332
2022-05-16T23:00:00+00:00,1652742000000.0,0.4631,0.4649,0.4538,0.4596,7943.8524
2022-05-17T00:00:00+00:00,1652745600000.0,0.4596,0.4711,0.459,0.4701,16046.1849
2022-05-17T01:00:00+00:00,1652749200000.0,0.4701,0.4754,0.464,0.4743,19949.3203
2022-05-17T02:00:00+00:00,1652752800000.0,0.4743,0.478,0.4715,0.4732,4858.6959
2022-05-17T03:00:00+00:00,1652756400000.0,0.4732,0.4835,0.4717,0.4775,14110.4536
2022-05-17T04:00:00+00:00,1652760000000.0,0.4775,0.4857,0.475,0.4817,17080.3927
2022-05-17T05:00:00+00:00,1652763600000.0,0.4817,0.4862,0.476,0.4845,7002.5725
2022-05-17T06:00:00+00:00,1652767200000.0,0.4845,0.4906,0.4818,0.4895,38603.9325
2022-05-17T07:00:00+00:00,1652770800000.0,0.4895,0.4905,0.4794,0.4799,38841.5734
2022-05-17T08:00:00+00:00,1652774400000.0,0.4799,0.4962,0.4799,0.4891,69467.6398
2022-05-17T09:00:00+00:00,1652778000000.0,0.4893,0.5003,0.4889,0.4955,27363.3342
2022-05-17T10:00:00+00:00,1652781600000.0,0.4955,0.4956,0.4892,0.4898,6329.095
2022-05-17T11:00:00+00:00,1652785200000.0,0.4898,0.4947,0.4876,0.4892,8108.7974
2022-05-17T12:00:00+00:00,1652788800000.0,0.4892,0.5074,0.4887,0.5022,44690.7571
2022-05-17T13:00:00+00:00,1652792400000.0,0.5022,0.5058,0.4943,0.4987,17594.3387
2022-05-17T14:00:00+00:00,1652796000000.0,0.4987,0.499,0.4806,0.4819,65679.9311
2022-05-17T15:00:00+00:00,1652799600000.0,0.4819,0.4875,0.4806,0.4842,39167.3488
2022-05-17T16:00:00+00:00,1652803200000.0,0.4842,0.4861,0.4745,0.4833,13518.165
2022-05-17T17:00:00+00:00,1652806800000.0,0.4833,0.4869,0.4808,0.4809,8336.4117
2022-05-17T18:00:00+00:00,1652810400000.0,0.4809,0.4827,0.4677,0.4781,39204.3642
2022-05-17T19:00:00+00:00,1652814000000.0,0.4781,0.4887,0.4768,0.4814,21651.7201
2022-05-17T20:00:00+00:00,1652817600000.0,0.4814,0.4868,0.4785,0.4785,34239.6163
2022-05-17T21:00:00+00:00,1652821200000.0,0.4785,0.4964,0.4782,0.4949,15375.5203
2022-05-17T22:00:00+00:00,1652824800000.0,0.4949,0.5,0.4921,0.4977,29181.532
2022-05-17T23:00:00+00:00,1652828400000.0,0.4976,0.499,0.4939,0.495,14849.3346
2022-05-18T00:00:00+00:00,1652832000000.0,0.495,0.5043,0.4931,0.4938,78410.6389
2022-05-18T01:00:00+00:00,1652835600000.0,0.4938,0.4938,0.4814,0.482,16381.9397
2022-05-18T02:00:00+00:00,1652839200000.0,0.482,0.489,0.4815,0.489,12706.3059
2022-05-18T03:00:00+00:00,1652842800000.0,0.489,0.489,0.4727,0.4728,45943.9036
2022-05-18T04:00:00+00:00,1652846400000.0,0.4728,0.4754,0.4719,0.4741,1584.8383
2022-05-18T05:00:00+00:00,1652850000000.0,0.4741,0.4793,0.4725,0.4789,16067.467
2022-05-18T06:00:00+00:00,1652853600000.0,0.4789,0.4843,0.4748,0.4754,51808.1289
2022-05-18T07:00:00+00:00,1652857200000.0,0.4754,0.482,0.4737,0.4799,14892.1467
2022-05-18T08:00:00+00:00,1652860800000.0,0.4799,0.4937,0.4794,0.4822,56239.0842
2022-05-18T09:00:00+00:00,1652864400000.0,0.4822,0.4829,0.4738,0.4779,24328.5765
2022-05-18T10:00:00+00:00,1652868000000.0,0.4779,0.4847,0.474,0.4761,69695.9147
2022-05-18T11:00:00+00:00,1652871600000.0,0.4761,0.4788,0.4696,0.4723,81817.0637
2022-05-18T12:00:00+00:00,1652875200000.0,0.4723,0.4732,0.4588,0.4596,16093.3434
2022-05-18T13:00:00+00:00,1652878800000.0,0.4596,0.4623,0.4492,0.4519,17393.2281
2022-05-18T14:00:00+00:00,1652882400000.0,0.4519,0.4561,0.4455,0.4506,83797.9874
2022-05-18T15:00:00+00:00,1652886000000.0,0.4506,0.4506,0.4389,0.4419,24766.5076
2022-05-18T16:00:00+00:00,1652889600000.0,0.4416,0.4522,0.4389,0.4482,19561.182
2022-05-18T17:00:00+00:00,1652893200000.0,0.4482,0.449,0.4428,0.4439,3446.4346
2022-05-18T18:00:00+00:00,1652896800000.0,0.4439,0.4502,0.4409,0.4491,42439.8772
2022-05-18T19:00:00+00:00,1652900400000.0,0.4491,0.457,0.4491,0.4556,29354.1355
2022-05-18T20:00:00+00:00,1652904000000.0,0.4556,0.4557,0.4462,0.451,25787.5385
2022-05-18T21:00:00+00:00,1652907600000.0,0.451,0.4516,0.445,0.4475,16064.2991
2022-05-18T22:00:00+00:00,1652911200000.0,0.4475,0.4532,0.4454,0.4474,22011.3575
2022-05-18T23:00:00+00:00,1652914800000.0,0.4474,0.4523,0.4308,0.4329,41250.6556
2022-05-19T00:00:00+00:00,1652918400000.0,0.4329,0.4435,0.4329,0.4377,4416.4779
2022-05-19T01:00:00+00:00,1652922000000.0,0.4377,0.4413,0.4226,0.4244,106350.3586
2022-05-19T02:00:00+00:00,1652925600000.0,0.4244,0.44,0.4207,0.4379,44102.5553
2022-05-19T03:00:00+00:00,1652929200000.0,0.4379,0.4443,0.4372,0.4415,29370.614
2022-05-19T04:00:00+00:00,1652932800000.0,0.4415,0.4451,0.4408,0.4412,10893.2542
2022-05-19T05:00:00+00:00,1652936400000.0,0.4412,0.4424,0.4349,0.4356,27699.794
2022-05-19T06:00:00+00:00,1652940000000.0,0.4356,0.4461,0.4356,0.4448,60979.1009
2022-05-19T07:00:00+00:00,1652943600000.0,0.4448,0.4456,0.4355,0.4386,29689.0877
2022-05-19T08:00:00+00:00,1652947200000.0,0.4386,0.4407,0.4273,0.4278,24710.3957
2022-05-19T09:00:00+00:00,1652950800000.0,0.4278,0.4313,0.4255,0.4299,35203.0179
2022-05-19T10:00:00+00:00,1652954400000.0,0.4299,0.4355,0.428,0.4336,57019.6229
2022-05-19T11:00:00+00:00,1652958000000.0,0.4334,0.4517,0.4303,0.4505,47558.5017
2022-05-19T12:00:00+00:00,1652961600000.0,0.4505,0.4529,0.445,0.4472,15130.833
2022-05-19T13:00:00+00:00,1652965200000.0,0.4472,0.457,0.4428,0.4484,66198.4049
2022-05-19T14:00:00+00:00,1652968800000.0,0.4484,0.4586,0.4455,0.4515,45260.3799
2022-05-19T15:00:00+00:00,1652972400000.0,0.4515,0.4643,0.4502,0.4574,94101.243
2022-05-19T16:00:00+00:00,1652976000000.0,0.4574,0.4597,0.4505,0.4531,16213.0255
2022-05-19T17:00:00+00:00,1652979600000.0,0.4531,0.4553,0.4444,0.4476,12939.2018
2022-05-19T18:00:00+00:00,1652983200000.0,0.4476,0.4492,0.4336,0.4347,77929.1598
2022-05-19T19:00:00+00:00,1652986800000.0,0.4347,0.4403,0.4321,0.4322,11207.1768
2022-05-19T20:00:00+00:00,1652990400000.0,0.4322,0.4413,0.432,0.4413,31050.5062
2022-05-19T21:00:00+00:00,1652994000000.0,0.441,0.4435,0.438,0.4393,13308.8933
2022-05-19T22:00:00+00:00,1652997600000.0,0.4393,0.4394,0.4312,0.4391,16229.7762
2022-05-19T23:00:00+00:00,1653001200000.0,0.4391,0.4512,0.4386,0.4512,63567.9476
2022-05-20T00:00:00+00:00,1653004800000.0,0.4512,0.4512,0.4427,0.4471,33443.5475
2022-05-20T01:00:00+00:00,1653008400000.0,0.4471,0.4584,0.4436,0.4524,38894.4857
2022-05-20T02:00:00+00:00,1653012000000.0,0.4522,0.4525,0.4455,0.4478,14649.0309
2022-05-20T03:00:00+00:00,1653015600000.0,0.4478,0.4485,0.4391,0.4448,32545.2052
2022-05-20T04:00:00+00:00,1653019200000.0,0.4448,0.4478,0.4371,0.4422,7920.6929
2022-05-20T05:00:00+00:00,1653022800000.0,0.4422,0.4509,0.4393,0.4482,20790.2168
2022-05-20T06:00:00+00:00,1653026400000.0,0.4482,0.4492,0.4331,0.4397,21801.8233
2022-05-20T07:00:00+00:00,1653030000000.0,0.4397,0.4452,0.4357,0.4432,26592.1006
2022-05-20T08:00:00+00:00,1653033600000.0,0.443,0.4484,0.4415,0.4424,32902.417
2022-05-20T09:00:00+00:00,1653037200000.0,0.4424,0.4491,0.4402,0.4461,17722.8528
2022-05-20T10:00:00+00:00,1653040800000.0,0.4461,0.453,0.4461,0.4524,17641.6726
2022-05-20T11:00:00+00:00,1653044400000.0,0.4524,0.4538,0.4466,0.4522,11318.3102
2022-05-20T12:00:00+00:00,1653048000000.0,0.4527,0.4536,0.4413,0.4461,45073.1438
2022-05-20T13:00:00+00:00,1653051600000.0,0.4461,0.4505,0.441,0.4469,19341.0469
2022-05-20T14:00:00+00:00,1653055200000.0,0.4469,0.4471,0.4323,0.4342,10903.9129
2022-05-20T15:00:00+00:00,1653058800000.0,0.4342,0.4346,0.4252,0.4278,3268.3782
2022-05-20T16:00:00+00:00,1653062400000.0,0.4278,0.4281,0.4192,0.4212,8496.7737
2022-05-20T17:00:00+00:00,1653066000000.0,0.4212,0.428,0.4197,0.4279,23248.7164
2022-05-20T18:00:00+00:00,1653069600000.0,0.4279,0.4287,0.423,0.4272,8663.051
2022-05-20T19:00:00+00:00,1653073200000.0,0.4272,0.4363,0.4256,0.4355,3410.7024
2022-05-20T20:00:00+00:00,1653076800000.0,0.4355,0.4402,0.4321,0.433,6488.7122
2022-05-20T21:00:00+00:00,1653080400000.0,0.433,0.4394,0.433,0.4341,11631.7445
2022-05-20T22:00:00+00:00,1653084000000.0,0.4341,0.4409,0.4341,0.4355,16775.4385
2022-05-20T23:00:00+00:00,1653087600000.0,0.4355,0.442,0.4323,0.4327,6896.9109
2022-05-21T00:00:00+00:00,1653091200000.0,0.4327,0.4352,0.4263,0.4296,10067.7926
2022-05-21T01:00:00+00:00,1653094800000.0,0.4296,0.4302,0.4209,0.427,4168.8806
2022-05-21T02:00:00+00:00,1653098400000.0,0.427,0.4338,0.4251,0.4329,46.1261
2022-05-21T03:00:00+00:00,1653102000000.0,0.4328,0.4346,0.4264,0.4335,1718.2787
2022-05-21T04:00:00+00:00,1653105600000.0,0.4335,0.4348,0.4302,0.431,4222.5542
2022-05-21T05:00:00+00:00,1653109200000.0,0.431,0.4325,0.4257,0.4272,15959.9629
2022-05-21T06:00:00+00:00,1653112800000.0,0.4272,0.431,0.4271,0.43,9114.6894
2022-05-21T07:00:00+00:00,1653116400000.0,0.43,0.4338,0.428,0.4315,4998.077
2022-05-21T08:00:00+00:00,1653120000000.0,0.4315,0.4346,0.428,0.4287,15348.5479
2022-05-21T09:00:00+00:00,1653123600000.0,0.4287,0.429,0.4261,0.4277,7780.2387
2022-05-21T10:00:00+00:00,1653127200000.0,0.4277,0.4306,0.426,0.4264,7125.8951
2022-05-21T11:00:00+00:00,1653130800000.0,0.4262,0.4272,0.4225,0.426,5133.776
2022-05-21T12:00:00+00:00,1653134400000.0,0.426,0.4284,0.4231,0.4272,1786.8201
2022-05-21T13:00:00+00:00,1653138000000.0,0.4272,0.4328,0.425,0.4296,10468.8353
2022-05-21T14:00:00+00:00,1653141600000.0,0.4296,0.4333,0.4261,0.4314,5897.6957
2022-05-21T15:00:00+00:00,1653145200000.0,0.4314,0.4375,0.4284,0.4369,20747.5125
2022-05-21T16:00:00+00:00,1653148800000.0,0.4369,0.4427,0.4361,0.4392,3390.7342
2022-05-21T17:00:00+00:00,1653152400000.0,0.4392,0.44,0.4335,0.4349,9181.209
2022-05-21T18:00:00+00:00,1653156000000.0,0.4349,0.4362,0.4337,0.4356,334.2969
2022-05-21T19:00:00+00:00,1653159600000.0,0.4355,0.4383,0.4297,0.4308,2081.9893
2022-05-21T20:00:00+00:00,1653163200000.0,0.4308,0.4352,0.4269,0.428,7461.645
2022-05-21T21:00:00+00:00,1653166800000.0,0.428,0.4325,0.4253,0.4255,125697.5166
2022-05-21T22:00:00+00:00,1653170400000.0,0.4255,0.4349,0.4247,0.4345,3770.9985
2022-05-21T23:00:00+00:00,1653174000000.0,0.4345,0.4353,0.432,0.4345,2681.979
2022-05-22T00:00:00+00:00,1653177600000.0,0.4345,0.4354,0.4301,0.4336,405.4843
2022-05-22T01:00:00+00:00,1653181200000.0,0.4336,0.4352,0.4313,0.4324,977.8636
2022-05-22T02:00:00+00:00,1653184800000.0,0.4319,0.4324,0.4286,0.4303,3936.4685
2022-05-22T03:00:00+00:00,1653188400000.0,0.4303,0.4333,0.429,0.4304,8110.5738
2022-05-22T04:00:00+00:00,1653192000000.0,0.4304,0.4307,0.4239,0.4239,17961.5506
2022-05-22T05:00:00+00:00,1653195600000.0,0.4239,0.4291,0.4236,0.4266,10412.3598
2022-05-22T06:00:00+00:00,1653199200000.0,0.4266,0.4316,0.4259,0.4295,1535.847
2022-05-22T07:00:00+00:00,1653202800000.0,0.4294,0.4321,0.4287,0.4313,336.3036
2022-05-22T08:00:00+00:00,1653206400000.0,0.4313,0.4337,0.4305,0.4333,55.2782
2022-05-22T09:00:00+00:00,1653210000000.0,0.4333,0.4407,0.4332,0.4403,4475.9192
2022-05-22T10:00:00+00:00,1653213600000.0,0.4403,0.4438,0.44,0.4412,8326.0892
2022-05-22T11:00:00+00:00,1653217200000.0,0.4412,0.447,0.4373,0.4375,4127.2399
2022-05-22T12:00:00+00:00,1653220800000.0,0.4375,0.4439,0.4375,0.4431,2018.9285
2022-05-22T13:00:00+00:00,1653224400000.0,0.4431,0.4442,0.439,0.44,6799.5219
2022-05-22T14:00:00+00:00,1653228000000.0,0.44,0.4488,0.4396,0.4422,21147.1609
2022-05-22T15:00:00+00:00,1653231600000.0,0.4422,0.4432,0.4339,0.436,4179.8803
2022-05-22T16:00:00+00:00,1653235200000.0,0.4362,0.4386,0.4332,0.437,6572.2175
2022-05-22T17:00:00+00:00,1653238800000.0,0.437,0.4412,0.4349,0.4355,15562.9655
2022-05-22T18:00:00+00:00,1653242400000.0,0.4355,0.4385,0.4347,0.4374,567.0225
2022-05-22T19:00:00+00:00,1653246000000.0,0.4374,0.4388,0.4346,0.4359,3395.5325
2022-05-22T20:00:00+00:00,1653249600000.0,0.4359,0.4379,0.434,0.4362,12905.5063
2022-05-22T21:00:00+00:00,1653253200000.0,0.4362,0.4395,0.4355,0.4374,891.7994
2022-05-22T22:00:00+00:00,1653256800000.0,0.4374,0.4452,0.4374,0.443,12836.8823
2022-05-22T23:00:00+00:00,1653260400000.0,0.443,0.448,0.4419,0.4428,11635.5891
2022-05-23T00:00:00+00:00,1653264000000.0,0.4428,0.4479,0.4404,0.4463,13188.9895
2022-05-23T01:00:00+00:00,1653267600000.0,0.4465,0.4465,0.4389,0.4399,2318.5497
2022-05-23T02:00:00+00:00,1653271200000.0,0.4399,0.4399,0.4338,0.437,1207.9999
2022-05-23T03:00:00+00:00,1653274800000.0,0.437,0.4399,0.4367,0.4394,39.0161
2022-05-23T04:00:00+00:00,1653278400000.0,0.4394,0.4415,0.4372,0.4374,101.0112
2022-05-23T05:00:00+00:00,1653282000000.0,0.4374,0.4404,0.436,0.4404,14839.402
2022-05-23T06:00:00+00:00,1653285600000.0,0.4404,0.4457,0.44,0.4443,13647.5588
2022-05-23T07:00:00+00:00,1653289200000.0,0.4443,0.4501,0.4438,0.4446,10507.4013
2022-05-23T08:00:00+00:00,1653292800000.0,0.4446,0.4497,0.4405,0.4415,20593.3078
2022-05-23T09:00:00+00:00,1653296400000.0,0.4415,0.446,0.4401,0.4454,22976.3129
2022-05-23T10:00:00+00:00,1653300000000.0,0.4454,0.4486,0.4443,0.4461,25377.1471
2022-05-23T11:00:00+00:00,1653303600000.0,0.4461,0.45,0.4458,0.4475,17567.5025
2022-05-23T12:00:00+00:00,1653307200000.0,0.4475,0.4522,0.4453,0.4457,20021.1807
2022-05-23T13:00:00+00:00,1653310800000.0,0.4457,0.4491,0.4412,0.4435,8914.4462
2022-05-23T14:00:00+00:00,1653314400000.0,0.4435,0.444,0.4351,0.4402,14848.1975
2022-05-23T15:00:00+00:00,1653318000000.0,0.4402,0.4486,0.44,0.4476,11131.5785
2022-05-23T16:00:00+00:00,1653321600000.0,0.4476,0.4518,0.4426,0.4459,11688.6928
2022-05-23T17:00:00+00:00,1653325200000.0,0.4459,0.4461,0.4403,0.4425,9775.9576
2022-05-23T18:00:00+00:00,1653328800000.0,0.4425,0.4437,0.4358,0.4358,2462.902
2022-05-23T19:00:00+00:00,1653332400000.0,0.4358,0.4358,0.425,0.425,18893.716
2022-05-23T20:00:00+00:00,1653336000000.0,0.425,0.4316,0.424,0.4312,13858.3829
2022-05-23T21:00:00+00:00,1653339600000.0,0.4312,0.4315,0.4261,0.4262,1765.1302
2022-05-23T22:00:00+00:00,1653343200000.0,0.4262,0.4262,0.4155,0.4182,19238.5504
2022-05-23T23:00:00+00:00,1653346800000.0,0.4182,0.4183,0.41,0.4161,6553.9546
2022-05-24T00:00:00+00:00,1653350400000.0,0.4161,0.4194,0.4152,0.4154,3764.1452
2022-05-24T01:00:00+00:00,1653354000000.0,0.4154,0.4182,0.4137,0.4178,21540.7622
2022-05-24T02:00:00+00:00,1653357600000.0,0.4178,0.42,0.4155,0.417,2395.287
2022-05-24T03:00:00+00:00,1653361200000.0,0.417,0.4206,0.416,0.4196,19709.7426
2022-05-24T04:00:00+00:00,1653364800000.0,0.4196,0.4213,0.4173,0.4195,18138.4096
2022-05-24T05:00:00+00:00,1653368400000.0,0.4195,0.4217,0.4175,0.4183,10252.2889
2022-05-24T06:00:00+00:00,1653372000000.0,0.4183,0.4198,0.4142,0.4163,6145.043
2022-05-24T07:00:00+00:00,1653375600000.0,0.4163,0.4192,0.4146,0.419,936.5863
2022-05-24T08:00:00+00:00,1653379200000.0,0.419,0.4193,0.4065,0.4066,4315.7141
2022-05-24T09:00:00+00:00,1653382800000.0,0.4066,0.4132,0.4041,0.4086,20135.3199
2022-05-24T10:00:00+00:00,1653386400000.0,0.4086,0.4116,0.4082,0.4112,11246.7907
2022-05-24T11:00:00+00:00,1653390000000.0,0.4113,0.4131,0.4081,0.4093,1870.6871
2022-05-24T12:00:00+00:00,1653393600000.0,0.4093,0.4113,0.4063,0.4099,13900.2115
2022-05-24T13:00:00+00:00,1653397200000.0,0.4099,0.4104,0.3928,0.3944,13092.4579
2022-05-24T14:00:00+00:00,1653400800000.0,0.3943,0.4008,0.3907,0.3948,11446.6996
2022-05-24T15:00:00+00:00,1653404400000.0,0.3951,0.4099,0.3946,0.4067,4495.3403
2022-05-24T16:00:00+00:00,1653408000000.0,0.4067,0.409,0.4,0.404,6914.2449
2022-05-24T17:00:00+00:00,1653411600000.0,0.404,0.4046,0.3978,0.4035,306.5995
2022-05-24T18:00:00+00:00,1653415200000.0,0.4035,0.4082,0.4008,0.401,8233.3981
2022-05-24T19:00:00+00:00,1653418800000.0,0.401,0.4061,0.4001,0.405,2079.3746
2022-05-24T20:00:00+00:00,1653422400000.0,0.405,0.412,0.403,0.4119,11936.7659
2022-05-24T21:00:00+00:00,1653426000000.0,0.4119,0.4144,0.409,0.4129,14587.8229
2022-05-24T22:00:00+00:00,1653429600000.0,0.4129,0.4149,0.4125,0.4147,13792.3747
2022-05-24T23:00:00+00:00,1653433200000.0,0.4147,0.4197,0.4142,0.4183,14142.9555
2022-05-25T00:00:00+00:00,1653436800000.0,0.4183,0.419,0.4128,0.4128,4134.9187
2022-05-25T01:00:00+00:00,1653440400000.0,0.4128,0.4132,0.4087,0.4127,19976.3291
2022-05-25T02:00:00+00:00,1653444000000.0,0.4127,0.4214,0.411,0.419,12514.6443
2022-05-25T03:00:00+00:00,1653447600000.0,0.419,0.42,0.4143,0.4178,5188.2502
2022-05-25T04:00:00+00:00,1653451200000.0,0.4178,0.418,0.4124,0.4126,29.5034
2022-05-25T05:00:00+00:00,1653454800000.0,0.4125,0.4141,0.4077,0.4092,15744.5966
2022-05-25T06:00:00+00:00,1653458400000.0,0.4092,0.4117,0.4049,0.4103,14153.3483
2022-05-25T07:00:00+00:00,1653462000000.0,0.4103,0.4109,0.4062,0.4068,1301.8923
2022-05-25T08:00:00+00:00,1653465600000.0,0.4068,0.4097,0.4039,0.4087,6739.397
2022-05-25T09:00:00+00:00,1653469200000.0,0.4087,0.411,0.4057,0.4088,3236.8027
2022-05-25T10:00:00+00:00,1653472800000.0,0.4088,0.4098,0.4041,0.4043,863.2948
2022-05-25T11:00:00+00:00,1653476400000.0,0.4043,0.4054,0.3993,0.4003,675.1725
2022-05-25T12:00:00+00:00,1653480000000.0,0.4003,0.4036,0.3991,0.4028,2515.6766
2022-05-25T13:00:00+00:00,1653483600000.0,0.4028,0.4092,0.4025,0.4074,1659.629
2022-05-25T14:00:00+00:00,1653487200000.0,0.4074,0.4086,0.405,0.4058,36595.8107
2022-05-25T15:00:00+00:00,1653490800000.0,0.4058,0.4074,0.4025,0.4065,25746.3977
2022-05-25T16:00:00+00:00,1653494400000.0,0.4065,0.4079,0.4032,0.4049,2798.0901
2022-05-25T17:00:00+00:00,1653498000000.0,0.4047,0.4059,0.4034,0.4037,2197.8926
2022-05-25T18:00:00+00:00,1653501600000.0,0.4037,0.4084,0.4008,0.4084,4414.3567
2022-05-25T19:00:00+00:00,1653505200000.0,0.4084,0.4097,0.4041,0.4044,7683.0206
2022-05-25T20:00:00+00:00,1653508800000.0,0.4044,0.4071,0.4032,0.4065,11667.4539
2022-05-25T21:00:00+00:00,1653512400000.0,0.4067,0.4083,0.4053,0.4082,10802.8426
2022-05-25T22:00:00+00:00,1653516000000.0,0.4082,0.4091,0.4059,0.4076,20859.8524
2022-05-25T23:00:00+00:00,1653519600000.0,0.4076,0.408,0.4038,0.4053,14514.4058
2022-05-26T00:00:00+00:00,1653523200000.0,0.4053,0.4119,0.4051,0.4079,42298.2659
2022-05-26T01:00:00+00:00,1653526800000.0,0.4079,0.4085,0.402,0.4027,28569.9729
2022-05-26T02:00:00+00:00,1653530400000.0,0.4027,0.4077,0.4027,0.4066,15696.5594
2022-05-26T03:00:00+00:00,1653534000000.0,0.4066,0.407,0.4019,0.4053,15687.962
2022-05-26T04:00:00+00:00,1653537600000.0,0.4053,0.4055,0.4016,0.4022,2561.7196
2022-05-26T05:00:00+00:00,1653541200000.0,0.4022,0.4042,0.3926,0.3929,10087.0581
2022-05-26T06:00:00+00:00,1653544800000.0,0.3929,0.3944,0.3874,0.3941,20388.3805
2022-05-26T07:00:00+00:00,1653548400000.0,0.3941,0.3959,0.3903,0.3946,3087.034
2022-05-26T08:00:00+00:00,1653552000000.0,0.3946,0.3948,0.3729,0.3771,63256.734
2022-05-26T09:00:00+00:00,1653555600000.0,0.3771,0.3798,0.374,0.379,5120.8116
2022-05-26T10:00:00+00:00,1653559200000.0,0.379,0.3812,0.3784,0.3799,9462.2362
2022-05-26T11:00:00+00:00,1653562800000.0,0.3799,0.3819,0.376,0.3792,3727.9729
2022-05-26T12:00:00+00:00,1653566400000.0,0.3792,0.3811,0.3771,0.3802,4182.4371
2022-05-26T13:00:00+00:00,1653570000000.0,0.3802,0.3815,0.3667,0.3804,97675.7945
2022-05-26T14:00:00+00:00,1653573600000.0,0.3804,0.3897,0.3802,0.3888,12079.4781
2022-05-26T15:00:00+00:00,1653577200000.0,0.3888,0.3934,0.3881,0.3905,14017.9455
2022-05-26T16:00:00+00:00,1653580800000.0,0.3905,0.3987,0.3898,0.394,23017.3058
2022-05-26T17:00:00+00:00,1653584400000.0,0.394,0.3951,0.3878,0.3892,4129.1488
2022-05-26T18:00:00+00:00,1653588000000.0,0.3892,0.3895,0.3836,0.3836,9695.7245
2022-05-26T19:00:00+00:00,1653591600000.0,0.3836,0.384,0.3794,0.3795,3973.5184
2022-05-26T20:00:00+00:00,1653595200000.0,0.3795,0.3826,0.378,0.3819,5894.8303
2022-05-26T21:00:00+00:00,1653598800000.0,0.3819,0.3884,0.3818,0.3877,1917.0149
2022-05-26T22:00:00+00:00,1653602400000.0,0.3877,0.3894,0.3838,0.3843,1470.2478
2022-05-26T23:00:00+00:00,1653606000000.0,0.3843,0.3881,0.3788,0.379,2590.3618
2022-05-27T00:00:00+00:00,1653609600000.0,0.379,0.3839,0.376,0.3761,2545.486
2022-05-27T01:00:00+00:00,1653613200000.0,0.3761,0.3773,0.3662,0.3664,16590.3957
2022-05-27T02:00:00+00:00,1653616800000.0,0.3664,0.3713,0.363,0.3672,7537.5672
2022-05-27T03:00:00+00:00,1653620400000.0,0.3672,0.3763,0.3668,0.3743,5424.2401
2022-05-27T04:00:00+00:00,1653624000000.0,0.3743,0.3778,0.3663,0.3665,12879.0637
2022-05-27T05:00:00+00:00,1653627600000.0,0.3665,0.3692,0.3586,0.3613,10734.7213
2022-05-27T06:00:00+00:00,1653631200000.0,0.3613,0.3699,0.356,0.3691,41461.0199
2022-05-27T07:00:00+00:00,1653634800000.0,0.3691,0.3734,0.3675,0.3683,5936.7467
2022-05-27T08:00:00+00:00,1653638400000.0,0.3683,0.3701,0.3648,0.3653,11616.434
2022-05-27T09:00:00+00:00,1653642000000.0,0.3653,0.3728,0.364,0.3716,49331.1306
2022-05-27T10:00:00+00:00,1653645600000.0,0.3716,0.3737,0.3655,0.3665,13948.1844
2022-05-27T11:00:00+00:00,1653649200000.0,0.3665,0.3757,0.3659,0.3738,9686.4656
2022-05-27T12:00:00+00:00,1653652800000.0,0.3738,0.3823,0.3719,0.3789,39505.8171
2022-05-27T13:00:00+00:00,1653656400000.0,0.3789,0.3809,0.3755,0.3806,11238.2549
2022-05-27T14:00:00+00:00,1653660000000.0,0.3806,0.3807,0.3689,0.3702,4526.7959
2022-05-27T15:00:00+00:00,1653663600000.0,0.3702,0.3737,0.3666,0.3676,6815.2404
2022-05-27T16:00:00+00:00,1653667200000.0,0.3676,0.3694,0.3624,0.3638,1814.9837
2022-05-27T17:00:00+00:00,1653670800000.0,0.3638,0.3664,0.3569,0.3601,13260.8965
2022-05-27T18:00:00+00:00,1653674400000.0,0.3603,0.3621,0.3549,0.3577,14277.7907
2022-05-27T19:00:00+00:00,1653678000000.0,0.3577,0.3662,0.3558,0.3636,17853.6003
2022-05-27T20:00:00+00:00,1653681600000.0,0.3636,0.3676,0.3621,0.3635,65.0419
2022-05-27T21:00:00+00:00,1653685200000.0,0.3635,0.3666,0.3614,0.3615,2829.6285
2022-05-27T22:00:00+00:00,1653688800000.0,0.3615,0.3651,0.3603,0.3625,3882.8473
2022-05-27T23:00:00+00:00,1653692400000.0,0.3625,0.3636,0.3561,0.3597,3304.8911
2022-05-28T00:00:00+00:00,1653696000000.0,0.3597,0.3733,0.3593,0.3694,26351.3921
2022-05-28T01:00:00+00:00,1653699600000.0,0.3694,0.3708,0.3601,0.3603,31765.7182
2022-05-28T02:00:00+00:00,1653703200000.0,0.3603,0.3637,0.355,0.3581,11730.0773
2022-05-28T03:00:00+00:00,1653706800000.0,0.3581,0.3658,0.3546,0.3654,18199.1923
2022-05-28T04:00:00+00:00,1653710400000.0,0.3654,0.3654,0.3605,0.3634,13524.8831
2022-05-28T05:00:00+00:00,1653714000000.0,0.3634,0.3706,0.3619,0.3686,13603.6618
2022-05-28T06:00:00+00:00,1653717600000.0,0.3686,0.3689,0.3662,0.3666,12110.9596
2022-05-28T07:00:00+00:00,1653721200000.0,0.3666,0.3668,0.3582,0.3597,25876.3764
2022-05-28T08:00:00+00:00,1653724800000.0,0.3597,0.3629,0.3583,0.361,685.0018
2022-05-28T09:00:00+00:00,1653728400000.0,0.361,0.362,0.3587,0.3599,2887.2734
2022-05-28T10:00:00+00:00,1653732000000.0,0.3599,0.3639,0.3586,0.3622,2539.1674
2022-05-28T11:00:00+00:00,1653735600000.0,0.3622,0.3666,0.3606,0.3638,1835.5087
2022-05-28T12:00:00+00:00,1653739200000.0,0.3638,0.3668,0.3618,0.3651,3397.8442
2022-05-28T13:00:00+00:00,1653742800000.0,0.3651,0.3681,0.3636,0.3648,2110.2235
2022-05-28T14:00:00+00:00,1653746400000.0,0.3648,0.3659,0.3615,0.3632,5861.3086
2022-05-28T15:00:00+00:00,1653750000000.0,0.3632,0.3696,0.3624,0.3665,8651.9301
2022-05-28T16:00:00+00:00,1653753600000.0,0.3665,0.3707,0.3647,0.3677,5182.0559
2022-05-28T17:00:00+00:00,1653757200000.0,0.3677,0.3679,0.3634,0.3651,14707.618
2022-05-28T18:00:00+00:00,1653760800000.0,0.3651,0.3682,0.3647,0.3675,5418.5886
2022-05-28T19:00:00+00:00,1653764400000.0,0.3675,0.3691,0.3645,0.3672,1682.1019
2022-05-28T20:00:00+00:00,1653768000000.0,0.3672,0.3678,0.3646,0.3668,33041.3028
2022-05-28T21:00:00+00:00,1653771600000.0,0.3668,0.3673,0.3638,0.3639,25512.1129
2022-05-28T22:00:00+00:00,1653775200000.0,0.3639,0.3639,0.3592,0.3607,18663.0701
2022-05-28T23:00:00+00:00,1653778800000.0,0.3607,0.3694,0.3602,0.3671,16317.6451
2022-05-29T00:00:00+00:00,1653782400000.0,0.3671,0.3698,0.3614,0.3632,9166.9865
2022-05-29T01:00:00+00:00,1653786000000.0,0.3632,0.3638,0.3572,0.3589,18609.6339
2022-05-29T02:00:00+00:00,1653789600000.0,0.3589,0.359,0.3526,0.354,6094.7003
2022-05-29T03:00:00+00:00,1653793200000.0,0.3541,0.3591,0.3526,0.3585,7725.468
2022-05-29T04:00:00+00:00,1653796800000.0,0.3585,0.3597,0.3545,0.3566,8354.7626
2022-05-29T05:00:00+00:00,1653800400000.0,0.3566,0.3595,0.356,0.3595,22413.3937
2022-05-29T06:00:00+00:00,1653804000000.0,0.3595,0.3606,0.3575,0.3599,11164.181
2022-05-29T07:00:00+00:00,1653807600000.0,0.3599,0.3606,0.3574,0.3595,14159.08
2022-05-29T08:00:00+00:00,1653811200000.0,0.3595,0.3646,0.3588,0.363,9837.0045
2022-05-29T09:00:00+00:00,1653814800000.0,0.363,0.3643,0.3608,0.3615,19819.4057
2022-05-29T10:00:00+00:00,1653818400000.0,0.3615,0.3686,0.3613,0.3674,34250.8862
2022-05-29T11:00:00+00:00,1653822000000.0,0.3673,0.3702,0.3659,0.37,4261.3479
2022-05-29T12:00:00+00:00,1653825600000.0,0.37,0.3755,0.3697,0.3737,24975.6554
2022-05-29T13:00:00+00:00,1653829200000.0,0.3737,0.3757,0.3716,0.3722,9048.3407
2022-05-29T14:00:00+00:00,1653832800000.0,0.3722,0.3741,0.3713,0.3715,2902.835
2022-05-29T15:00:00+00:00,1653836400000.0,0.3715,0.3715,0.368,0.369,1407.7092
2022-05-29T16:00:00+00:00,1653840000000.0,0.369,0.3734,0.369,0.3716,4109.2482
2022-05-29T17:00:00+00:00,1653843600000.0,0.3716,0.3727,0.3692,0.3715,1205.8852
2022-05-29T18:00:00+00:00,1653847200000.0,0.3715,0.3738,0.3711,0.3735,2.6139
2022-05-29T19:00:00+00:00,1653850800000.0,0.3735,0.3748,0.372,0.3725,5574.0843
2022-05-29T20:00:00+00:00,1653854400000.0,0.3725,0.3755,0.3724,0.3744,3125.319
2022-05-29T21:00:00+00:00,1653858000000.0,0.3744,0.3754,0.373,0.3747,10363.6739
2022-05-29T22:00:00+00:00,1653861600000.0,0.3747,0.377,0.3729,0.3759,74.1332
2022-05-29T23:00:00+00:00,1653865200000.0,0.3759,0.3793,0.3756,0.3781,17044.7663
2022-05-30T00:00:00+00:00,1653868800000.0,0.3781,0.3793,0.3766,0.3782,2329.7028
2022-05-30T01:00:00+00:00,1653872400000.0,0.3782,0.3869,0.378,0.3868,2453.4548
2022-05-30T02:00:00+00:00,1653876000000.0,0.3868,0.3939,0.3865,0.3909,19671.459
2022-05-30T03:00:00+00:00,1653879600000.0,0.3909,0.3935,0.3878,0.3895,13462.8305
2022-05-30T04:00:00+00:00,1653883200000.0,0.3895,0.3906,0.3878,0.3893,954.5129
2022-05-30T05:00:00+00:00,1653886800000.0,0.3893,0.395,0.3888,0.395,25144.5682
2022-05-30T06:00:00+00:00,1653890400000.0,0.395,0.4029,0.3935,0.4015,7238.2754
2022-05-30T07:00:00+00:00,1653894000000.0,0.4015,0.4078,0.4001,0.4067,794.9251
2022-05-30T08:00:00+00:00,1653897600000.0,0.4066,0.4085,0.4047,0.407,3706.2295
2022-05-30T09:00:00+00:00,1653901200000.0,0.407,0.4091,0.4032,0.4087,1743.9717
2022-05-30T10:00:00+00:00,1653904800000.0,0.4087,0.4097,0.4025,0.4029,17315.1684
2022-05-30T11:00:00+00:00,1653908400000.0,0.4029,0.4046,0.4013,0.4028,1208.9717
2022-05-30T12:00:00+00:00,1653912000000.0,0.4028,0.4061,0.3957,0.3994,4151.0174
2022-05-30T13:00:00+00:00,1653915600000.0,0.3994,0.3999,0.3958,0.3986,23109.5919
2022-05-30T14:00:00+00:00,1653919200000.0,0.3986,0.4035,0.398,0.3993,15799.0291
2022-05-30T15:00:00+00:00,1653922800000.0,0.3993,0.4054,0.399,0.403,24769.9297
2022-05-30T16:00:00+00:00,1653926400000.0,0.403,0.4062,0.4009,0.403,8122.8614
2022-05-30T17:00:00+00:00,1653930000000.0,0.403,0.4063,0.4022,0.4057,2989.02
2022-05-30T18:00:00+00:00,1653933600000.0,0.4057,0.4069,0.4018,0.4048,20673.7384
2022-05-30T19:00:00+00:00,1653937200000.0,0.4048,0.4086,0.4038,0.4053,634.0212
2022-05-30T20:00:00+00:00,1653940800000.0,0.4053,0.4136,0.4044,0.4128,15794.0138
2022-05-30T21:00:00+00:00,1653944400000.0,0.4128,0.4192,0.4098,0.4118,11960.0546
2022-05-30T22:00:00+00:00,1653948000000.0,0.4118,0.4147,0.4092,0.4146,6173.0455
2022-05-30T23:00:00+00:00,1653951600000.0,0.4146,0.4232,0.4129,0.4202,6536.4898
2022-05-31T00:00:00+00:00,1653955200000.0,0.4202,0.4223,0.4106,0.4116,19772.3639
2022-05-31T01:00:00+00:00,1653958800000.0,0.4116,0.4131,0.4084,0.4124,6423.8693
2022-05-31T02:00:00+00:00,1653962400000.0,0.4124,0.4248,0.4122,0.4223,12592.4701
2022-05-31T03:00:00+00:00,1653966000000.0,0.4223,0.4243,0.4161,0.4161,4120.7825
2022-05-31T04:00:00+00:00,1653969600000.0,0.4161,0.4188,0.4131,0.4167,805.2178
2022-05-31T05:00:00+00:00,1653973200000.0,0.4167,0.4197,0.4121,0.4158,2660.301
2022-05-31T06:00:00+00:00,1653976800000.0,0.4158,0.4178,0.4071,0.4093,17019.3956
2022-05-31T07:00:00+00:00,1653980400000.0,0.4093,0.4113,0.4058,0.4108,1585.7413
2022-05-31T08:00:00+00:00,1653984000000.0,0.4108,0.4149,0.4103,0.4119,4592.9145
2022-05-31T09:00:00+00:00,1653987600000.0,0.4119,0.4125,0.4051,0.4081,8451.0845
2022-05-31T10:00:00+00:00,1653991200000.0,0.4081,0.4126,0.4073,0.4116,137.6884
2022-05-31T11:00:00+00:00,1653994800000.0,0.4116,0.4175,0.4113,0.4152,15408.042
2022-05-31T12:00:00+00:00,1653998400000.0,0.4152,0.417,0.4086,0.4096,3211.5492
2022-05-31T13:00:00+00:00,1654002000000.0,0.4096,0.4185,0.397,0.4018,20180.7211
2022-05-31T14:00:00+00:00,1654005600000.0,0.4018,0.4082,0.3947,0.4081,10398.3098
2022-05-31T15:00:00+00:00,1654009200000.0,0.4081,0.4151,0.4027,0.4124,4527.276
2022-05-31T16:00:00+00:00,1654012800000.0,0.4124,0.4205,0.4058,0.4134,13928.9289
2022-05-31T17:00:00+00:00,1654016400000.0,0.4134,0.4137,0.4066,0.4111,3120.2399
2022-05-31T18:00:00+00:00,1654020000000.0,0.4111,0.4122,0.4021,0.4029,5630.195
2022-05-31T19:00:00+00:00,1654023600000.0,0.4029,0.4061,0.4014,0.4039,3781.1464
2022-05-31T20:00:00+00:00,1654027200000.0,0.4039,0.4105,0.4039,0.41,166.6041
2022-05-31T21:00:00+00:00,1654030800000.0,0.4106,0.4116,0.4083,0.4087,278.2031
2022-05-31T22:00:00+00:00,1654034400000.0,0.4087,0.4135,0.4084,0.4132,1510.6511
2022-05-31T23:00:00+00:00,1654038000000.0,0.4132,0.4142,0.4092,0.4105,4718.7557
2022-06-01T00:00:00+00:00,1654041600000.0,0.4105,0.4241,0.4105,0.4217,52047.9257
2022-06-01T01:00:00+00:00,1654045200000.0,0.4217,0.4283,0.4187,0.4201,19830.4147
2022-06-01T02:00:00+00:00,1654048800000.0,0.4201,0.4201,0.4121,0.4142,39148.1764
2022-06-01T03:00:00+00:00,1654052400000.0,0.4142,0.4142,0.4059,0.4061,3637.3199
2022-06-01T04:00:00+00:00,1654056000000.0,0.4061,0.4098,0.4017,0.4095,16001.6256
2022-06-01T05:00:00+00:00,1654059600000.0,0.4095,0.4108,0.4029,0.4062,7647.8371
2022-06-01T06:00:00+00:00,1654063200000.0,0.4062,0.4106,0.4053,0.4088,55.7463
2022-06-01T07:00:00+00:00,1654066800000.0,0.4089,0.4115,0.4065,0.4075,8004.2521
2022-06-01T08:00:00+00:00,1654070400000.0,0.4075,0.4143,0.4069,0.4138,3231.6274
2022-06-01T09:00:00+00:00,1654074000000.0,0.4138,0.4193,0.4137,0.4193,903.5747
2022-06-01T10:00:00+00:00,1654077600000.0,0.4186,0.4192,0.4118,0.4168,4781.9148
2022-06-01T11:00:00+00:00,1654081200000.0,0.4168,0.4217,0.4114,0.4164,5430.3401
2022-06-01T12:00:00+00:00,1654084800000.0,0.4164,0.4216,0.4136,0.4183,3132.961
2022-06-01T13:00:00+00:00,1654088400000.0,0.4186,0.4251,0.4162,0.4228,6082.6578
2022-06-01T14:00:00+00:00,1654092000000.0,0.4228,0.4249,0.4012,0.4063,14509.0749
2022-06-01T15:00:00+00:00,1654095600000.0,0.4063,0.4075,0.3999,0.4003,4260.4452
2022-06-01T16:00:00+00:00,1654099200000.0,0.4003,0.4006,0.3919,0.3928,30879.7331
2022-06-01T17:00:00+00:00,1654102800000.0,0.3928,0.3938,0.3875,0.3914,8352.2399
2022-06-01T18:00:00+00:00,1654106400000.0,0.3914,0.3934,0.3883,0.3891,4210.8437
2022-06-01T19:00:00+00:00,1654110000000.0,0.3891,0.3897,0.3849,0.3865,6008.313
2022-06-01T20:00:00+00:00,1654113600000.0,0.3865,0.3868,0.3742,0.3795,22617.2975
2022-06-01T21:00:00+00:00,1654117200000.0,0.3795,0.3811,0.3782,0.3789,762.4415
2022-06-01T22:00:00+00:00,1654120800000.0,0.3786,0.3839,0.3775,0.3832,5131.753
2022-06-01T23:00:00+00:00,1654124400000.0,0.3831,0.3866,0.3821,0.3849,6591.869
2022-06-02T00:00:00+00:00,1654128000000.0,0.3849,0.385,0.3767,0.3799,87589.7616
2022-06-02T01:00:00+00:00,1654131600000.0,0.3799,0.3822,0.3787,0.3822,13975.5709
